연번,호선,고유역번호(외부역코드),역명,수송연월,하차인원수
1,1,150,서울역(1),Jan-22,1050145
2,1,151,시청(1),Jan-22,508237
3,1,152,종각,Jan-22,796150
4,1,153,종로3가(1),Jan-22,601965
5,1,154,종로5가,Jan-22,552920
6,1,155,동대문(1),Jan-22,281274
7,1,156,신설동(1),Jan-22,338965
8,1,157,제기동,Jan-22,492913
9,1,158,청량리,Jan-22,544757
10,1,159,동묘앞(1),Jan-22,255518
11,2,201,시청(2),Jan-22,504488
12,2,202,을지로입구,Jan-22,952048
13,2,203,을지로3가(2),Jan-22,524327
14,2,204,을지로4가(2),Jan-22,303297
15,2,205,동대문역사문화공원(2),Jan-22,356653
16,2,206,신당(2),Jan-22,371778
17,2,207,상왕십리,Jan-22,350972
18,2,208,왕십리(2),Jan-22,346966
19,2,209,한양대,Jan-22,170492
20,2,210,뚝섬,Jan-22,576861
21,2,211,성수,Jan-22,984953
22,2,212,건대입구(2),Jan-22,1016924
23,2,213,구의,Jan-22,595740
24,2,214,강변,Jan-22,783866
25,2,215,잠실나루,Jan-22,337170
26,2,216,잠실(2),Jan-22,1818865
27,2,217,잠실새내,Jan-22,550080
28,2,218,종합운동장(2),Jan-22,207320
29,2,219,삼성,Jan-22,1273126
30,2,220,선릉,Jan-22,1163713
31,2,221,역삼,Jan-22,1352638
32,2,222,강남,Jan-22,2149571
33,2,223,교대(2),Jan-22,902146
34,2,224,서초,Jan-22,502350
35,2,225,방배,Jan-22,416331
36,2,226,사당(2),Jan-22,1032181
37,2,227,낙성대,Jan-22,677609
38,2,228,서울대입구,Jan-22,1205414
39,2,229,봉천,Jan-22,568513
40,2,230,신림,Jan-22,1609570
41,2,231,신대방,Jan-22,664763
42,2,232,구로디지털단지,Jan-22,1457395
43,2,233,대림(2),Jan-22,638186
44,2,234,신도림,Jan-22,1215029
45,2,235,문래,Jan-22,527164
46,2,236,영등포구청(2),Jan-22,572004
47,2,237,당산,Jan-22,517697
48,2,238,합정(2),Jan-22,859535
49,2,239,홍대입구,Jan-22,1589013
50,2,240,신촌,Jan-22,870854
51,2,241,이대,Jan-22,338601
52,2,242,아현,Jan-22,245880
53,2,243,충정로(2),Jan-22,250860
54,2,244,용답,Jan-22,74682
55,2,245,신답,Jan-22,48257
56,2,246,신설동(2),Jan-22,101233
57,2,247,도림천,Jan-22,36168
58,2,248,양천구청,Jan-22,182442
59,2,249,신정네거리,Jan-22,272239
60,2,250,용두,Jan-22,65638
61,3,309,지축,Jan-22,109941
62,3,310,구파발,Jan-22,503574
63,3,311,연신내(3),Jan-22,899611
64,3,312,불광(3),Jan-22,451915
65,3,313,녹번,Jan-22,352932
66,3,314,홍제,Jan-22,417966
67,3,315,무악재,Jan-22,101530
68,3,316,독립문,Jan-22,179555
69,3,317,경복궁,Jan-22,487013
70,3,318,안국,Jan-22,514732
71,3,319,종로3가(3),Jan-22,289868
72,3,320,을지로3가(3),Jan-22,253470
73,3,322,동대입구,Jan-22,202457
74,3,323,약수(3),Jan-22,315200
75,3,324,금호,Jan-22,196360
76,3,325,옥수,Jan-22,242273
77,3,326,압구정,Jan-22,887756
78,3,327,신사,Jan-22,850248
79,3,328,잠원,Jan-22,117831
80,3,329,고속터미널(3),Jan-22,1181815
81,3,330,교대(3),Jan-22,215988
82,3,331,남부터미널,Jan-22,756252
83,3,332,양재,Jan-22,1009461
84,3,333,매봉,Jan-22,290192
85,3,334,도곡,Jan-22,133829
86,3,335,대치,Jan-22,298642
87,3,336,학여울,Jan-22,48960
88,3,337,대청,Jan-22,231441
89,3,338,일원,Jan-22,235542
90,3,339,수서,Jan-22,455512
91,3,340,가락시장(3),Jan-22,224663
92,3,341,경찰병원,Jan-22,182696
93,3,342,오금(3),Jan-22,139179
94,4,409,당고개,Jan-22,306225
95,4,410,상계,Jan-22,455333
96,4,411,노원(4),Jan-22,552401
97,4,412,창동,Jan-22,705283
98,4,413,쌍문,Jan-22,689609
99,4,414,수유,Jan-22,872885
100,4,415,미아,Jan-22,361243
101,4,416,미아사거리,Jan-22,688805
102,4,417,길음,Jan-22,498395
103,4,418,성신여대입구,Jan-22,501104
104,4,419,한성대입구,Jan-22,324955
105,4,420,혜화,Jan-22,853710
106,4,421,동대문(4),Jan-22,467288
107,4,422,동대문역사문화공원(4),Jan-22,347051
108,4,423,충무로(4),Jan-22,616151
109,4,424,명동,Jan-22,485661
110,4,425,회현,Jan-22,620848
111,4,426,서울역(4),Jan-22,418726
112,4,427,숙대입구,Jan-22,309018
113,4,428,삼각지(4),Jan-22,140896
114,4,429,신용산,Jan-22,434689
115,4,430,이촌,Jan-22,216938
116,4,431,동작,Jan-22,56311
117,4,432,이수(총신대입구),Jan-22,525128
118,4,433,사당(4),Jan-22,543708
119,4,434,남태령,Jan-22,26136
120,5,2511,방화,Jan-22,164770
121,5,2512,개화산,Jan-22,136797
122,5,2513,김포공항(5),Jan-22,213699
123,5,2514,송정,Jan-22,160854
124,5,2515,마곡,Jan-22,259550
125,5,2516,발산,Jan-22,515061
126,5,2517,우장산,Jan-22,359430
127,5,2518,화곡,Jan-22,676917
128,5,2519,까치산(5),Jan-22,718858
129,5,2520,신정,Jan-22,288096
130,5,2521,목동,Jan-22,453101
131,5,2522,오목교,Jan-22,597351
132,5,2523,양평(5),Jan-22,185417
133,5,2524,영등포구청(5),Jan-22,102469
134,5,2525,영등포시장,Jan-22,269277
135,5,2526,신길(5),Jan-22,112251
136,5,2527,여의도(5),Jan-22,700945
137,5,2528,여의나루,Jan-22,252209
138,5,2529,마포,Jan-22,356675
139,5,2530,공덕(5),Jan-22,349980
140,5,2531,애오개,Jan-22,166152
141,5,2532,충정로(5),Jan-22,112256
142,5,2533,서대문,Jan-22,442101
143,5,2534,광화문,Jan-22,727329
144,5,2535,종로3가(5),Jan-22,329627
145,5,2536,을지로4가(5),Jan-22,148631
146,5,2537,동대문역사문화공원(5),Jan-22,81909
147,5,2538,청구(5),Jan-22,91799
148,5,2539,신금호,Jan-22,164434
149,5,2540,행당,Jan-22,185146
150,5,2541,왕십리(5),Jan-22,137199
151,5,2542,마장,Jan-22,142024
152,5,2543,답십리,Jan-22,389303
153,5,2544,장한평,Jan-22,465681
154,5,2545,군자(5),Jan-22,319219
155,5,2546,아차산,Jan-22,373954
156,5,2547,광나루,Jan-22,309642
157,5,2548,천호(5),Jan-22,479514
158,5,2549,강동,Jan-22,453658
159,5,2550,길동,Jan-22,220002
160,5,2551,굽은다리,Jan-22,236168
161,5,2552,명일,Jan-22,228358
162,5,2553,고덕,Jan-22,236401
163,5,2554,상일동,Jan-22,358965
164,5,2555,둔촌동,Jan-22,223167
165,5,2556,올림픽공원(5),Jan-22,92674
166,5,2557,방이,Jan-22,190890
167,5,2558,오금(5),Jan-22,90348
168,5,2559,개롱,Jan-22,168210
169,5,2560,거여,Jan-22,220320
170,5,2561,마천,Jan-22,175071
171,5,2562,강일,Jan-22,97714
172,5,2563,미사,Jan-22,413435
173,5,2564,하남풍산,Jan-22,108695
174,5,2565,하남시청,Jan-22,165135
175,5,2566,하남검단산,Jan-22,149121
176,6,2611,응암,Jan-22,449325
177,6,2612,역촌,Jan-22,114780
178,6,2613,불광(6),Jan-22,109201
179,6,2614,독바위,Jan-22,75841
180,6,2616,구산,Jan-22,146016
181,6,2617,새절,Jan-22,301603
182,6,2618,증산,Jan-22,259603
183,6,2619,디지털미디어시티(6),Jan-22,363111
184,6,2620,월드컵경기장,Jan-22,110714
185,6,2621,마포구청,Jan-22,330193
186,6,2622,망원,Jan-22,415890
187,6,2623,합정(6),Jan-22,336297
188,6,2624,상수,Jan-22,253595
189,6,2625,광흥창,Jan-22,216780
190,6,2626,대흥,Jan-22,203063
191,6,2627,공덕(6),Jan-22,425653
192,6,2628,효창공원앞,Jan-22,157622
193,6,2629,삼각지(6),Jan-22,141142
194,6,2630,녹사평,Jan-22,126877
195,6,2631,이태원,Jan-22,279597
196,6,2632,한강진,Jan-22,274220
197,6,2633,버티고개,Jan-22,53540
198,6,2634,약수(6),Jan-22,90573
199,6,2635,청구(6),Jan-22,97280
200,6,2636,신당(6),Jan-22,214462
201,6,2637,동묘앞(6),Jan-22,211482
202,6,2638,창신,Jan-22,71440
203,6,2639,보문,Jan-22,169333
204,6,2640,안암,Jan-22,240127
205,6,2641,고려대,Jan-22,185201
206,6,2642,월곡,Jan-22,285837
207,6,2643,상월곡,Jan-22,140368
208,6,2644,돌곶이,Jan-22,222534
209,6,2645,석계(6),Jan-22,319028
210,6,2646,태릉입구(6),Jan-22,151593
211,6,2647,화랑대,Jan-22,228347
212,6,2648,봉화산,Jan-22,213604
213,7,2711,장암,Jan-22,24687
214,7,2712,도봉산(7),Jan-22,272831
215,7,2713,수락산,Jan-22,323034
216,7,2714,마들,Jan-22,312041
217,7,2715,노원(7),Jan-22,531219
218,7,2716,중계,Jan-22,321010
219,7,2717,하계,Jan-22,418172
220,7,2718,공릉,Jan-22,296534
221,7,2719,태릉입구(7),Jan-22,204138
222,7,2720,먹골,Jan-22,258366
223,7,2721,중화,Jan-22,270544
224,7,2722,상봉(7),Jan-22,415846
225,7,2723,면목,Jan-22,385088
226,7,2724,사가정,Jan-22,412663
227,7,2725,용마산,Jan-22,154214
228,7,2726,중곡,Jan-22,258588
229,7,2727,군자(7),Jan-22,309574
230,7,2728,어린이대공원,Jan-22,309880
231,7,2729,건대입구(7),Jan-22,341520
232,7,2730,뚝섬유원지,Jan-22,186658
233,7,2731,청담,Jan-22,516752
234,7,2732,강남구청,Jan-22,437211
235,7,2733,학동,Jan-22,605100
236,7,2734,논현,Jan-22,536648
237,7,2735,반포,Jan-22,141710
238,7,2736,고속터미널(7),Jan-22,351333
239,7,2737,내방,Jan-22,363854
240,7,2738,이수(7),Jan-22,393371
241,7,2739,남성,Jan-22,261691
242,7,2740,숭실대입구,Jan-22,298333
243,7,2741,상도,Jan-22,261811
244,7,2742,장승배기,Jan-22,228831
245,7,2743,신대방삼거리,Jan-22,405160
246,7,2744,보라매,Jan-22,240301
247,7,2745,신풍,Jan-22,284990
248,7,2746,대림(7),Jan-22,226286
249,7,2747,남구로,Jan-22,411168
250,7,2748,가산디지털단지(7),Jan-22,1047650
251,7,2749,철산,Jan-22,546684
252,7,2750,광명사거리,Jan-22,576190
253,7,2751,천왕,Jan-22,270701
254,7,2752,온수(7),Jan-22,231840
255,8,2811,암사,Jan-22,433625
256,8,2812,천호(8),Jan-22,453026
257,8,2813,강동구청,Jan-22,274227
258,8,2814,몽촌토성,Jan-22,158033
259,8,2815,잠실(8),Jan-22,454381
260,8,2816,석촌(8),Jan-22,237439
261,8,2817,송파,Jan-22,192614
262,8,2818,가락시장(8),Jan-22,222530
263,8,2819,문정,Jan-22,544591
264,8,2820,장지,Jan-22,428675
265,8,2821,복정(8),Jan-22,202364
266,8,2822,산성,Jan-22,137519
267,8,2823,남한산성입구,Jan-22,312081
268,8,2824,단대오거리,Jan-22,262600
269,8,2825,신흥,Jan-22,121922
270,8,2826,수진,Jan-22,127612
271,8,2827,모란(8),Jan-22,99865
272,8,2828,남위례,Jan-22,104846
273,9,4126,언주,Jan-22,45872
274,9,4127,선정릉,Jan-22,40652
275,9,4128,삼성중앙,Jan-22,30963
276,9,4129,봉은사,Jan-22,74610
277,9,4130,종합운동장(9),Jan-22,16683
278,9,4131,삼전,Jan-22,42627
279,9,4132,석촌고분,Jan-22,34831
280,9,4133,석촌(9),Jan-22,43540
281,9,4134,송파나루,Jan-22,37979
282,9,4135,한성백제,Jan-22,19822
283,9,4136,올림픽공원(9),Jan-22,34406
284,9,4137,둔촌오륜,Jan-22,8098
285,9,4138,중앙보훈병원,Jan-22,48370
286,1,150,서울역(1),Feb-22,860796
287,1,151,시청(1),Feb-22,440144
288,1,152,종각,Feb-22,656218
289,1,153,종로3가(1),Feb-22,510518
290,1,154,종로5가,Feb-22,471706
291,1,155,동대문(1),Feb-22,238236
292,1,156,신설동(1),Feb-22,295113
293,1,157,제기동,Feb-22,372954
294,1,158,청량리,Feb-22,441801
295,1,159,동묘앞(1),Feb-22,215082
296,2,201,시청(2),Feb-22,430487
297,2,202,을지로입구,Feb-22,777615
298,2,203,을지로3가(2),Feb-22,429759
299,2,204,을지로4가(2),Feb-22,255759
300,2,205,동대문역사문화공원(2),Feb-22,301202
301,2,206,신당(2),Feb-22,320347
302,2,207,상왕십리,Feb-22,301970
303,2,208,왕십리(2),Feb-22,297295
304,2,209,한양대,Feb-22,154756
305,2,210,뚝섬,Feb-22,490712
306,2,211,성수,Feb-22,838423
307,2,212,건대입구(2),Feb-22,851104
308,2,213,구의,Feb-22,514018
309,2,214,강변,Feb-22,638923
310,2,215,잠실나루,Feb-22,285017
311,2,216,잠실(2),Feb-22,1477610
312,2,217,잠실새내,Feb-22,464873
313,2,218,종합운동장(2),Feb-22,173400
314,2,219,삼성,Feb-22,1059088
315,2,220,선릉,Feb-22,975950
316,2,221,역삼,Feb-22,1120207
317,2,222,강남,Feb-22,1776051
318,2,223,교대(2),Feb-22,762388
319,2,224,서초,Feb-22,424874
320,2,225,방배,Feb-22,350208
321,2,226,사당(2),Feb-22,874715
322,2,227,낙성대,Feb-22,586050
323,2,228,서울대입구,Feb-22,1040368
324,2,229,봉천,Feb-22,494273
325,2,230,신림,Feb-22,1400344
326,2,231,신대방,Feb-22,577219
327,2,232,구로디지털단지,Feb-22,1234711
328,2,233,대림(2),Feb-22,543741
329,2,234,신도림,Feb-22,1040056
330,2,235,문래,Feb-22,449118
331,2,236,영등포구청(2),Feb-22,489372
332,2,237,당산,Feb-22,440238
333,2,238,합정(2),Feb-22,725253
334,2,239,홍대입구,Feb-22,1334659
335,2,240,신촌,Feb-22,745080
336,2,241,이대,Feb-22,295673
337,2,242,아현,Feb-22,212103
338,2,243,충정로(2),Feb-22,218550
339,2,244,용답,Feb-22,64776
340,2,245,신답,Feb-22,40695
341,2,246,신설동(2),Feb-22,86099
342,2,247,도림천,Feb-22,30681
343,2,248,양천구청,Feb-22,154105
344,2,249,신정네거리,Feb-22,229866
345,2,250,용두,Feb-22,53777
346,3,309,지축,Feb-22,93849
347,3,310,구파발,Feb-22,430677
348,3,311,연신내(3),Feb-22,776006
349,3,312,불광(3),Feb-22,390920
350,3,313,녹번,Feb-22,299983
351,3,314,홍제,Feb-22,364734
352,3,315,무악재,Feb-22,87910
353,3,316,독립문,Feb-22,159347
354,3,317,경복궁,Feb-22,422049
355,3,318,안국,Feb-22,431055
356,3,319,종로3가(3),Feb-22,250303
357,3,320,을지로3가(3),Feb-22,209178
358,3,322,동대입구,Feb-22,181003
359,3,323,약수(3),Feb-22,270419
360,3,324,금호,Feb-22,167206
361,3,325,옥수,Feb-22,204488
362,3,326,압구정,Feb-22,744003
363,3,327,신사,Feb-22,716252
364,3,328,잠원,Feb-22,99607
365,3,329,고속터미널(3),Feb-22,930741
366,3,330,교대(3),Feb-22,181697
367,3,331,남부터미널,Feb-22,631554
368,3,332,양재,Feb-22,846593
369,3,333,매봉,Feb-22,242407
370,3,334,도곡,Feb-22,114211
371,3,335,대치,Feb-22,250275
372,3,336,학여울,Feb-22,50901
373,3,337,대청,Feb-22,198555
374,3,338,일원,Feb-22,201849
375,3,339,수서,Feb-22,384416
376,3,340,가락시장(3),Feb-22,182340
377,3,341,경찰병원,Feb-22,153691
378,3,342,오금(3),Feb-22,119355
379,4,409,당고개,Feb-22,265551
380,4,410,상계,Feb-22,389833
381,4,411,노원(4),Feb-22,470285
382,4,412,창동,Feb-22,603989
383,4,413,쌍문,Feb-22,594031
384,4,414,수유,Feb-22,757705
385,4,415,미아,Feb-22,317296
386,4,416,미아사거리,Feb-22,592058
387,4,417,길음,Feb-22,427937
388,4,418,성신여대입구,Feb-22,430148
389,4,419,한성대입구,Feb-22,284339
390,4,420,혜화,Feb-22,715934
391,4,421,동대문(4),Feb-22,400956
392,4,422,동대문역사문화공원(4),Feb-22,292139
393,4,423,충무로(4),Feb-22,531067
394,4,424,명동,Feb-22,388747
395,4,425,회현,Feb-22,498483
396,4,426,서울역(4),Feb-22,338008
397,4,427,숙대입구,Feb-22,267117
398,4,428,삼각지(4),Feb-22,118690
399,4,429,신용산,Feb-22,353407
400,4,430,이촌,Feb-22,183300
401,4,431,동작,Feb-22,52087
402,4,432,이수(총신대입구),Feb-22,444404
403,4,433,사당(4),Feb-22,460391
404,4,434,남태령,Feb-22,22225
405,5,2511,방화,Feb-22,140197
406,5,2512,개화산,Feb-22,119563
407,5,2513,김포공항(5),Feb-22,182769
408,5,2514,송정,Feb-22,140896
409,5,2515,마곡,Feb-22,221023
410,5,2516,발산,Feb-22,440514
411,5,2517,우장산,Feb-22,305561
412,5,2518,화곡,Feb-22,585694
413,5,2519,까치산(5),Feb-22,623687
414,5,2520,신정,Feb-22,250824
415,5,2521,목동,Feb-22,385215
416,5,2522,오목교,Feb-22,503517
417,5,2523,양평(5),Feb-22,155814
418,5,2524,영등포구청(5),Feb-22,87362
419,5,2525,영등포시장,Feb-22,232020
420,5,2526,신길(5),Feb-22,97421
421,5,2527,여의도(5),Feb-22,578047
422,5,2528,여의나루,Feb-22,218948
423,5,2529,마포,Feb-22,300274
424,5,2530,공덕(5),Feb-22,290163
425,5,2531,애오개,Feb-22,142743
426,5,2532,충정로(5),Feb-22,94907
427,5,2533,서대문,Feb-22,365114
428,5,2534,광화문,Feb-22,592635
429,5,2535,종로3가(5),Feb-22,273149
430,5,2536,을지로4가(5),Feb-22,122185
431,5,2537,동대문역사문화공원(5),Feb-22,65793
432,5,2538,청구(5),Feb-22,79445
433,5,2539,신금호,Feb-22,143337
434,5,2540,행당,Feb-22,157635
435,5,2541,왕십리(5),Feb-22,116290
436,5,2542,마장,Feb-22,113136
437,5,2543,답십리,Feb-22,333161
438,5,2544,장한평,Feb-22,401137
439,5,2545,군자(5),Feb-22,273182
440,5,2546,아차산,Feb-22,322995
441,5,2547,광나루,Feb-22,265332
442,5,2548,천호(5),Feb-22,405858
443,5,2549,강동,Feb-22,392341
444,5,2550,길동,Feb-22,186998
445,5,2551,굽은다리,Feb-22,200707
446,5,2552,명일,Feb-22,194390
447,5,2553,고덕,Feb-22,201021
448,5,2554,상일동,Feb-22,300631
449,5,2555,둔촌동,Feb-22,190787
450,5,2556,올림픽공원(5),Feb-22,77513
451,5,2557,방이,Feb-22,161264
452,5,2558,오금(5),Feb-22,76027
453,5,2559,개롱,Feb-22,144811
454,5,2560,거여,Feb-22,193790
455,5,2561,마천,Feb-22,151982
456,5,2562,강일,Feb-22,84370
457,5,2563,미사,Feb-22,349904
458,5,2564,하남풍산,Feb-22,91285
459,5,2565,하남시청,Feb-22,142662
460,5,2566,하남검단산,Feb-22,127954
461,6,2611,응암,Feb-22,388101
462,6,2612,역촌,Feb-22,101441
463,6,2613,불광(6),Feb-22,94213
464,6,2614,독바위,Feb-22,64932
465,6,2616,구산,Feb-22,127746
466,6,2617,새절,Feb-22,260179
467,6,2618,증산,Feb-22,223567
468,6,2619,디지털미디어시티(6),Feb-22,306134
469,6,2620,월드컵경기장,Feb-22,97998
470,6,2621,마포구청,Feb-22,286314
471,6,2622,망원,Feb-22,346966
472,6,2623,합정(6),Feb-22,284537
473,6,2624,상수,Feb-22,216936
474,6,2625,광흥창,Feb-22,184453
475,6,2626,대흥,Feb-22,177080
476,6,2627,공덕(6),Feb-22,360597
477,6,2628,효창공원앞,Feb-22,136004
478,6,2629,삼각지(6),Feb-22,116391
479,6,2630,녹사평,Feb-22,106976
480,6,2631,이태원,Feb-22,237266
481,6,2632,한강진,Feb-22,217268
482,6,2633,버티고개,Feb-22,45805
483,6,2634,약수(6),Feb-22,77734
484,6,2635,청구(6),Feb-22,85542
485,6,2636,신당(6),Feb-22,184286
486,6,2637,동묘앞(6),Feb-22,184831
487,6,2638,창신,Feb-22,60016
488,6,2639,보문,Feb-22,149617
489,6,2640,안암,Feb-22,215127
490,6,2641,고려대,Feb-22,168651
491,6,2642,월곡,Feb-22,245476
492,6,2643,상월곡,Feb-22,120788
493,6,2644,돌곶이,Feb-22,192072
494,6,2645,석계(6),Feb-22,277135
495,6,2646,태릉입구(6),Feb-22,130673
496,6,2647,화랑대,Feb-22,197476
497,6,2648,봉화산,Feb-22,182130
498,7,2711,장암,Feb-22,21504
499,7,2712,도봉산(7),Feb-22,235932
500,7,2713,수락산,Feb-22,277991
501,7,2714,마들,Feb-22,269204
502,7,2715,노원(7),Feb-22,455431
503,7,2716,중계,Feb-22,276007
504,7,2717,하계,Feb-22,357550
505,7,2718,공릉,Feb-22,263981
506,7,2719,태릉입구(7),Feb-22,178146
507,7,2720,먹골,Feb-22,225006
508,7,2721,중화,Feb-22,235011
509,7,2722,상봉(7),Feb-22,353711
510,7,2723,면목,Feb-22,333616
511,7,2724,사가정,Feb-22,357308
512,7,2725,용마산,Feb-22,133573
513,7,2726,중곡,Feb-22,223959
514,7,2727,군자(7),Feb-22,268301
515,7,2728,어린이대공원,Feb-22,277433
516,7,2729,건대입구(7),Feb-22,286218
517,7,2730,뚝섬유원지,Feb-22,164320
518,7,2731,청담,Feb-22,442304
519,7,2732,강남구청,Feb-22,375360
520,7,2733,학동,Feb-22,511361
521,7,2734,논현,Feb-22,454229
522,7,2735,반포,Feb-22,120684
523,7,2736,고속터미널(7),Feb-22,288628
524,7,2737,내방,Feb-22,308945
525,7,2738,이수(7),Feb-22,336092
526,7,2739,남성,Feb-22,227842
527,7,2740,숭실대입구,Feb-22,257721
528,7,2741,상도,Feb-22,224353
529,7,2742,장승배기,Feb-22,199409
530,7,2743,신대방삼거리,Feb-22,350300
531,7,2744,보라매,Feb-22,206285
532,7,2745,신풍,Feb-22,245519
533,7,2746,대림(7),Feb-22,184911
534,7,2747,남구로,Feb-22,350956
535,7,2748,가산디지털단지(7),Feb-22,878386
536,7,2749,철산,Feb-22,457858
537,7,2750,광명사거리,Feb-22,484584
538,7,2751,천왕,Feb-22,229551
539,7,2752,온수(7),Feb-22,199122
540,8,2811,암사,Feb-22,367140
541,8,2812,천호(8),Feb-22,383927
542,8,2813,강동구청,Feb-22,232965
543,8,2814,몽촌토성,Feb-22,134081
544,8,2815,잠실(8),Feb-22,370861
545,8,2816,석촌(8),Feb-22,200861
546,8,2817,송파,Feb-22,164651
547,8,2818,가락시장(8),Feb-22,179229
548,8,2819,문정,Feb-22,458992
549,8,2820,장지,Feb-22,361713
550,8,2821,복정(8),Feb-22,172456
551,8,2822,산성,Feb-22,116044
552,8,2823,남한산성입구,Feb-22,267959
553,8,2824,단대오거리,Feb-22,225369
554,8,2825,신흥,Feb-22,105592
555,8,2826,수진,Feb-22,110245
556,8,2827,모란(8),Feb-22,83701
557,8,2828,남위례,Feb-22,95066
558,9,4126,언주,Feb-22,38833
559,9,4127,선정릉,Feb-22,34655
560,9,4128,삼성중앙,Feb-22,26940
561,9,4129,봉은사,Feb-22,63552
562,9,4130,종합운동장(9),Feb-22,14534
563,9,4131,삼전,Feb-22,37848
564,9,4132,석촌고분,Feb-22,30717
565,9,4133,석촌(9),Feb-22,38256
566,9,4134,송파나루,Feb-22,33290
567,9,4135,한성백제,Feb-22,17351
568,9,4136,올림픽공원(9),Feb-22,28893
569,9,4137,둔촌오륜,Feb-22,7458
570,9,4138,중앙보훈병원,Feb-22,42486
571,1,150,서울역(1),Mar-22,954476
572,1,151,시청(1),Mar-22,506303
573,1,152,종각,Mar-22,736862
574,1,153,종로3가(1),Mar-22,568693
575,1,154,종로5가,Mar-22,546946
576,1,155,동대문(1),Mar-22,274331
577,1,156,신설동(1),Mar-22,336238
578,1,157,제기동,Mar-22,442927
579,1,158,청량리,Mar-22,511722
580,1,159,동묘앞(1),Mar-22,252935
581,2,201,시청(2),Mar-22,477591
582,2,202,을지로입구,Mar-22,878261
583,2,203,을지로3가(2),Mar-22,486250
584,2,204,을지로4가(2),Mar-22,296395
585,2,205,동대문역사문화공원(2),Mar-22,363742
586,2,206,신당(2),Mar-22,358846
587,2,207,상왕십리,Mar-22,338194
588,2,208,왕십리(2),Mar-22,348240
589,2,209,한양대,Mar-22,364526
590,2,210,뚝섬,Mar-22,551470
591,2,211,성수,Mar-22,946293
592,2,212,건대입구(2),Mar-22,985481
593,2,213,구의,Mar-22,574046
594,2,214,강변,Mar-22,699213
595,2,215,잠실나루,Mar-22,321446
596,2,216,잠실(2),Mar-22,1612184
597,2,217,잠실새내,Mar-22,516682
598,2,218,종합운동장(2),Mar-22,252564
599,2,219,삼성,Mar-22,1158528
600,2,220,선릉,Mar-22,1101877
601,2,221,역삼,Mar-22,1235894
602,2,222,강남,Mar-22,1927331
603,2,223,교대(2),Mar-22,864723
604,2,224,서초,Mar-22,473278
605,2,225,방배,Mar-22,459718
606,2,226,사당(2),Mar-22,991362
607,2,227,낙성대,Mar-22,671955
608,2,228,서울대입구,Mar-22,1194557
609,2,229,봉천,Mar-22,547911
610,2,230,신림,Mar-22,1555097
611,2,231,신대방,Mar-22,648224
612,2,232,구로디지털단지,Mar-22,1375610
613,2,233,대림(2),Mar-22,612935
614,2,234,신도림,Mar-22,1172064
615,2,235,문래,Mar-22,516426
616,2,236,영등포구청(2),Mar-22,547992
617,2,237,당산,Mar-22,512823
618,2,238,합정(2),Mar-22,814320
619,2,239,홍대입구,Mar-22,1499018
620,2,240,신촌,Mar-22,849484
621,2,241,이대,Mar-22,367979
622,2,242,아현,Mar-22,249071
623,2,243,충정로(2),Mar-22,246686
624,2,244,용답,Mar-22,91807
625,2,245,신답,Mar-22,46071
626,2,246,신설동(2),Mar-22,95249
627,2,247,도림천,Mar-22,35946
628,2,248,양천구청,Mar-22,172505
629,2,249,신정네거리,Mar-22,258055
630,2,250,용두,Mar-22,61927
631,3,309,지축,Mar-22,111533
632,3,310,구파발,Mar-22,491319
633,3,311,연신내(3),Mar-22,876936
634,3,312,불광(3),Mar-22,439137
635,3,313,녹번,Mar-22,342684
636,3,314,홍제,Mar-22,418558
637,3,315,무악재,Mar-22,98364
638,3,316,독립문,Mar-22,186935
639,3,317,경복궁,Mar-22,499359
640,3,318,안국,Mar-22,504806
641,3,319,종로3가(3),Mar-22,276931
642,3,320,을지로3가(3),Mar-22,234648
643,3,322,동대입구,Mar-22,232599
644,3,323,약수(3),Mar-22,308905
645,3,324,금호,Mar-22,184126
646,3,325,옥수,Mar-22,229228
647,3,326,압구정,Mar-22,798880
648,3,327,신사,Mar-22,778056
649,3,328,잠원,Mar-22,113107
650,3,329,고속터미널(3),Mar-22,1007250
651,3,330,교대(3),Mar-22,209512
652,3,331,남부터미널,Mar-22,695395
653,3,332,양재,Mar-22,948860
654,3,333,매봉,Mar-22,266997
655,3,334,도곡,Mar-22,129258
656,3,335,대치,Mar-22,271810
657,3,336,학여울,Mar-22,66051
658,3,337,대청,Mar-22,222857
659,3,338,일원,Mar-22,229971
660,3,339,수서,Mar-22,428944
661,3,340,가락시장(3),Mar-22,208922
662,3,341,경찰병원,Mar-22,170011
663,3,342,오금(3),Mar-22,135008
664,4,409,당고개,Mar-22,273822
665,4,410,상계,Mar-22,448361
666,4,411,노원(4),Mar-22,537473
667,4,412,창동,Mar-22,686912
668,4,413,쌍문,Mar-22,671116
669,4,414,수유,Mar-22,858304
670,4,415,미아,Mar-22,373239
671,4,416,미아사거리,Mar-22,669348
672,4,417,길음,Mar-22,504545
673,4,418,성신여대입구,Mar-22,510742
674,4,419,한성대입구,Mar-22,339013
675,4,420,혜화,Mar-22,810776
676,4,421,동대문(4),Mar-22,484222
677,4,422,동대문역사문화공원(4),Mar-22,339455
678,4,423,충무로(4),Mar-22,659434
679,4,424,명동,Mar-22,472688
680,4,425,회현,Mar-22,594116
681,4,426,서울역(4),Mar-22,367739
682,4,427,숙대입구,Mar-22,332737
683,4,428,삼각지(4),Mar-22,135989
684,4,429,신용산,Mar-22,390322
685,4,430,이촌,Mar-22,196959
686,4,431,동작,Mar-22,63238
687,4,432,이수(총신대입구),Mar-22,504334
688,4,433,사당(4),Mar-22,527067
689,4,434,남태령,Mar-22,25453
690,5,2511,방화,Mar-22,159279
691,5,2512,개화산,Mar-22,134864
692,5,2513,김포공항(5),Mar-22,185558
693,5,2514,송정,Mar-22,157113
694,5,2515,마곡,Mar-22,249558
695,5,2516,발산,Mar-22,505203
696,5,2517,우장산,Mar-22,351173
697,5,2518,화곡,Mar-22,659921
698,5,2519,까치산(5),Mar-22,693978
699,5,2520,신정,Mar-22,280372
700,5,2521,목동,Mar-22,430177
701,5,2522,오목교,Mar-22,554037
702,5,2523,양평(5),Mar-22,173370
703,5,2524,영등포구청(5),Mar-22,99953
704,5,2525,영등포시장,Mar-22,256566
705,5,2526,신길(5),Mar-22,108035
706,5,2527,여의도(5),Mar-22,653276
707,5,2528,여의나루,Mar-22,297448
708,5,2529,마포,Mar-22,335660
709,5,2530,공덕(5),Mar-22,329740
710,5,2531,애오개,Mar-22,159740
711,5,2532,충정로(5),Mar-22,108344
712,5,2533,서대문,Mar-22,423634
713,5,2534,광화문,Mar-22,691076
714,5,2535,종로3가(5),Mar-22,307657
715,5,2536,을지로4가(5),Mar-22,142773
716,5,2537,동대문역사문화공원(5),Mar-22,74475
717,5,2538,청구(5),Mar-22,89569
718,5,2539,신금호,Mar-22,163349
719,5,2540,행당,Mar-22,175787
720,5,2541,왕십리(5),Mar-22,131953
721,5,2542,마장,Mar-22,134574
722,5,2543,답십리,Mar-22,374191
723,5,2544,장한평,Mar-22,445816
724,5,2545,군자(5),Mar-22,310777
725,5,2546,아차산,Mar-22,380326
726,5,2547,광나루,Mar-22,304629
727,5,2548,천호(5),Mar-22,453330
728,5,2549,강동,Mar-22,443050
729,5,2550,길동,Mar-22,209164
730,5,2551,굽은다리,Mar-22,223802
731,5,2552,명일,Mar-22,219074
732,5,2553,고덕,Mar-22,231396
733,5,2554,상일동,Mar-22,336579
734,5,2555,둔촌동,Mar-22,213191
735,5,2556,올림픽공원(5),Mar-22,91976
736,5,2557,방이,Mar-22,179946
737,5,2558,오금(5),Mar-22,89782
738,5,2559,개롱,Mar-22,162627
739,5,2560,거여,Mar-22,234184
740,5,2561,마천,Mar-22,174115
741,5,2562,강일,Mar-22,95632
742,5,2563,미사,Mar-22,395591
743,5,2564,하남풍산,Mar-22,104601
744,5,2565,하남시청,Mar-22,166229
745,5,2566,하남검단산,Mar-22,143882
746,6,2611,응암,Mar-22,434447
747,6,2612,역촌,Mar-22,110901
748,6,2613,불광(6),Mar-22,106360
749,6,2614,독바위,Mar-22,74374
750,6,2616,구산,Mar-22,143508
751,6,2617,새절,Mar-22,300124
752,6,2618,증산,Mar-22,252455
753,6,2619,디지털미디어시티(6),Mar-22,347568
754,6,2620,월드컵경기장,Mar-22,155803
755,6,2621,마포구청,Mar-22,317927
756,6,2622,망원,Mar-22,382548
757,6,2623,합정(6),Mar-22,327094
758,6,2624,상수,Mar-22,255935
759,6,2625,광흥창,Mar-22,209518
760,6,2626,대흥,Mar-22,212742
761,6,2627,공덕(6),Mar-22,404962
762,6,2628,효창공원앞,Mar-22,161710
763,6,2629,삼각지(6),Mar-22,135602
764,6,2630,녹사평,Mar-22,125318
765,6,2631,이태원,Mar-22,283203
766,6,2632,한강진,Mar-22,238848
767,6,2633,버티고개,Mar-22,51767
768,6,2634,약수(6),Mar-22,87562
769,6,2635,청구(6),Mar-22,97583
770,6,2636,신당(6),Mar-22,205291
771,6,2637,동묘앞(6),Mar-22,208491
772,6,2638,창신,Mar-22,74105
773,6,2639,보문,Mar-22,171004
774,6,2640,안암,Mar-22,315363
775,6,2641,고려대,Mar-22,201383
776,6,2642,월곡,Mar-22,293152
777,6,2643,상월곡,Mar-22,143725
778,6,2644,돌곶이,Mar-22,221041
779,6,2645,석계(6),Mar-22,325060
780,6,2646,태릉입구(6),Mar-22,153746
781,6,2647,화랑대,Mar-22,232800
782,6,2648,봉화산,Mar-22,205228
783,7,2711,장암,Mar-22,24646
784,7,2712,도봉산(7),Mar-22,278870
785,7,2713,수락산,Mar-22,313746
786,7,2714,마들,Mar-22,302452
787,7,2715,노원(7),Mar-22,509877
788,7,2716,중계,Mar-22,326633
789,7,2717,하계,Mar-22,415355
790,7,2718,공릉,Mar-22,315539
791,7,2719,태릉입구(7),Mar-22,208478
792,7,2720,먹골,Mar-22,251746
793,7,2721,중화,Mar-22,264785
794,7,2722,상봉(7),Mar-22,393276
795,7,2723,면목,Mar-22,395907
796,7,2724,사가정,Mar-22,406181
797,7,2725,용마산,Mar-22,150219
798,7,2726,중곡,Mar-22,254342
799,7,2727,군자(7),Mar-22,297356
800,7,2728,어린이대공원,Mar-22,366701
801,7,2729,건대입구(7),Mar-22,341006
802,7,2730,뚝섬유원지,Mar-22,213114
803,7,2731,청담,Mar-22,501266
804,7,2732,강남구청,Mar-22,417027
805,7,2733,학동,Mar-22,578645
806,7,2734,논현,Mar-22,503883
807,7,2735,반포,Mar-22,138055
808,7,2736,고속터미널(7),Mar-22,316603
809,7,2737,내방,Mar-22,350523
810,7,2738,이수(7),Mar-22,374326
811,7,2739,남성,Mar-22,255076
812,7,2740,숭실대입구,Mar-22,358413
813,7,2741,상도,Mar-22,271359
814,7,2742,장승배기,Mar-22,220270
815,7,2743,신대방삼거리,Mar-22,397823
816,7,2744,보라매,Mar-22,239033
817,7,2745,신풍,Mar-22,279370
818,7,2746,대림(7),Mar-22,204350
819,7,2747,남구로,Mar-22,389436
820,7,2748,가산디지털단지(7),Mar-22,988191
821,7,2749,철산,Mar-22,515443
822,7,2750,광명사거리,Mar-22,548664
823,7,2751,천왕,Mar-22,262211
824,7,2752,온수(7),Mar-22,236897
825,8,2811,암사,Mar-22,409707
826,8,2812,천호(8),Mar-22,424655
827,8,2813,강동구청,Mar-22,258120
828,8,2814,몽촌토성,Mar-22,150494
829,8,2815,잠실(8),Mar-22,398257
830,8,2816,석촌(8),Mar-22,222016
831,8,2817,송파,Mar-22,186972
832,8,2818,가락시장(8),Mar-22,206397
833,8,2819,문정,Mar-22,517879
834,8,2820,장지,Mar-22,410109
835,8,2821,복정(8),Mar-22,203015
836,8,2822,산성,Mar-22,135022
837,8,2823,남한산성입구,Mar-22,336936
838,8,2824,단대오거리,Mar-22,264436
839,8,2825,신흥,Mar-22,114372
840,8,2826,수진,Mar-22,125462
841,8,2827,모란(8),Mar-22,99398
842,8,2828,남위례,Mar-22,117364
843,9,4126,언주,Mar-22,43037
844,9,4127,선정릉,Mar-22,38599
845,9,4128,삼성중앙,Mar-22,30305
846,9,4129,봉은사,Mar-22,68279
847,9,4130,종합운동장(9),Mar-22,16312
848,9,4131,삼전,Mar-22,41322
849,9,4132,석촌고분,Mar-22,33381
850,9,4133,석촌(9),Mar-22,42373
851,9,4134,송파나루,Mar-22,36964
852,9,4135,한성백제,Mar-22,18952
853,9,4136,올림픽공원(9),Mar-22,32515
854,9,4137,둔촌오륜,Mar-22,9678
855,9,4138,중앙보훈병원,Mar-22,49279
856,1,150,서울역(1),Apr-22,1154618
857,1,151,시청(1),Apr-22,584417
858,1,152,종각,Apr-22,843089
859,1,153,종로3가(1),Apr-22,648070
860,1,154,종로5가,Apr-22,618405
861,1,155,동대문(1),Apr-22,310264
862,1,156,신설동(1),Apr-22,367215
863,1,157,제기동,Apr-22,495137
864,1,158,청량리,Apr-22,562086
865,1,159,동묘앞(1),Apr-22,293582
866,2,201,시청(2),Apr-22,544967
867,2,202,을지로입구,Apr-22,998380
868,2,203,을지로3가(2),Apr-22,572628
869,2,204,을지로4가(2),Apr-22,329902
870,2,205,동대문역사문화공원(2),Apr-22,392191
871,2,206,신당(2),Apr-22,405707
872,2,207,상왕십리,Apr-22,367092
873,2,208,왕십리(2),Apr-22,381981
874,2,209,한양대,Apr-22,370373
875,2,210,뚝섬,Apr-22,660615
876,2,211,성수,Apr-22,1057808
877,2,212,건대입구(2),Apr-22,1126670
878,2,213,구의,Apr-22,618142
879,2,214,강변,Apr-22,813771
880,2,215,잠실나루,Apr-22,365618
881,2,216,잠실(2),Apr-22,2147958
882,2,217,잠실새내,Apr-22,591311
883,2,218,종합운동장(2),Apr-22,347397
884,2,219,삼성,Apr-22,1295112
885,2,220,선릉,Apr-22,1215548
886,2,221,역삼,Apr-22,1366691
887,2,222,강남,Apr-22,2166287
888,2,223,교대(2),Apr-22,962142
889,2,224,서초,Apr-22,526376
890,2,225,방배,Apr-22,501037
891,2,226,사당(2),Apr-22,1157894
892,2,227,낙성대,Apr-22,725856
893,2,228,서울대입구,Apr-22,1291861
894,2,229,봉천,Apr-22,589642
895,2,230,신림,Apr-22,1676852
896,2,231,신대방,Apr-22,716381
897,2,232,구로디지털단지,Apr-22,1498117
898,2,233,대림(2),Apr-22,670071
899,2,234,신도림,Apr-22,1325963
900,2,235,문래,Apr-22,582057
901,2,236,영등포구청(2),Apr-22,597721
902,2,237,당산,Apr-22,586443
903,2,238,합정(2),Apr-22,935736
904,2,239,홍대입구,Apr-22,1708557
905,2,240,신촌,Apr-22,925823
906,2,241,이대,Apr-22,393104
907,2,242,아현,Apr-22,270915
908,2,243,충정로(2),Apr-22,273609
909,2,244,용답,Apr-22,91235
910,2,245,신답,Apr-22,49780
911,2,246,신설동(2),Apr-22,102875
912,2,247,도림천,Apr-22,40913
913,2,248,양천구청,Apr-22,188784
914,2,249,신정네거리,Apr-22,285242
915,2,250,용두,Apr-22,65529
916,3,309,지축,Apr-22,127398
917,3,310,구파발,Apr-22,544535
918,3,311,연신내(3),Apr-22,954526
919,3,312,불광(3),Apr-22,481981
920,3,313,녹번,Apr-22,373964
921,3,314,홍제,Apr-22,463301
922,3,315,무악재,Apr-22,111016
923,3,316,독립문,Apr-22,214555
924,3,317,경복궁,Apr-22,619155
925,3,318,안국,Apr-22,631887
926,3,319,종로3가(3),Apr-22,309585
927,3,320,을지로3가(3),Apr-22,270966
928,3,322,동대입구,Apr-22,282204
929,3,323,약수(3),Apr-22,345394
930,3,324,금호,Apr-22,201832
931,3,325,옥수,Apr-22,258480
932,3,326,압구정,Apr-22,885287
933,3,327,신사,Apr-22,858245
934,3,328,잠원,Apr-22,130145
935,3,329,고속터미널(3),Apr-22,1212565
936,3,330,교대(3),Apr-22,239052
937,3,331,남부터미널,Apr-22,782158
938,3,332,양재,Apr-22,1060146
939,3,333,매봉,Apr-22,305074
940,3,334,도곡,Apr-22,148029
941,3,335,대치,Apr-22,289141
942,3,336,학여울,Apr-22,65325
943,3,337,대청,Apr-22,245259
944,3,338,일원,Apr-22,254727
945,3,339,수서,Apr-22,485421
946,3,340,가락시장(3),Apr-22,234819
947,3,341,경찰병원,Apr-22,186071
948,3,342,오금(3),Apr-22,152823
949,4,409,당고개,Apr-22,233488
950,4,410,상계,Apr-22,499540
951,4,411,노원(4),Apr-22,593214
952,4,412,창동,Apr-22,741260
953,4,413,쌍문,Apr-22,727802
954,4,414,수유,Apr-22,929966
955,4,415,미아,Apr-22,399121
956,4,416,미아사거리,Apr-22,730543
957,4,417,길음,Apr-22,559441
958,4,418,성신여대입구,Apr-22,549806
959,4,419,한성대입구,Apr-22,383471
960,4,420,혜화,Apr-22,919500
961,4,421,동대문(4),Apr-22,532250
962,4,422,동대문역사문화공원(4),Apr-22,360738
963,4,423,충무로(4),Apr-22,735022
964,4,424,명동,Apr-22,564751
965,4,425,회현,Apr-22,690317
966,4,426,서울역(4),Apr-22,458079
967,4,427,숙대입구,Apr-22,363091
968,4,428,삼각지(4),Apr-22,158552
969,4,429,신용산,Apr-22,442629
970,4,430,이촌,Apr-22,237455
971,4,431,동작,Apr-22,78893
972,4,432,이수(총신대입구),Apr-22,560998
973,4,433,사당(4),Apr-22,616375
974,4,434,남태령,Apr-22,28843
975,5,2511,방화,Apr-22,174593
976,5,2512,개화산,Apr-22,146545
977,5,2513,김포공항(5),Apr-22,212490
978,5,2514,송정,Apr-22,170332
979,5,2515,마곡,Apr-22,271597
980,5,2516,발산,Apr-22,560845
981,5,2517,우장산,Apr-22,385323
982,5,2518,화곡,Apr-22,713684
983,5,2519,까치산(5),Apr-22,745100
984,5,2520,신정,Apr-22,303801
985,5,2521,목동,Apr-22,471370
986,5,2522,오목교,Apr-22,614915
987,5,2523,양평(5),Apr-22,189322
988,5,2524,영등포구청(5),Apr-22,110029
989,5,2525,영등포시장,Apr-22,286248
990,5,2526,신길(5),Apr-22,117984
991,5,2527,여의도(5),Apr-22,776022
992,5,2528,여의나루,Apr-22,618458
993,5,2529,마포,Apr-22,377911
994,5,2530,공덕(5),Apr-22,379944
995,5,2531,애오개,Apr-22,176136
996,5,2532,충정로(5),Apr-22,121066
997,5,2533,서대문,Apr-22,480469
998,5,2534,광화문,Apr-22,786366
999,5,2535,종로3가(5),Apr-22,363989
1000,5,2536,을지로4가(5),Apr-22,161022
1001,5,2537,동대문역사문화공원(5),Apr-22,80472
1002,5,2538,청구(5),Apr-22,96458
1003,5,2539,신금호,Apr-22,179731
1004,5,2540,행당,Apr-22,191752
1005,5,2541,왕십리(5),Apr-22,147796
1006,5,2542,마장,Apr-22,146643
1007,5,2543,답십리,Apr-22,398383
1008,5,2544,장한평,Apr-22,482496
1009,5,2545,군자(5),Apr-22,338733
1010,5,2546,아차산,Apr-22,433924
1011,5,2547,광나루,Apr-22,344755
1012,5,2548,천호(5),Apr-22,505268
1013,5,2549,강동,Apr-22,481446
1014,5,2550,길동,Apr-22,222474
1015,5,2551,굽은다리,Apr-22,242052
1016,5,2552,명일,Apr-22,243273
1017,5,2553,고덕,Apr-22,252699
1018,5,2554,상일동,Apr-22,367779
1019,5,2555,둔촌동,Apr-22,227063
1020,5,2556,올림픽공원(5),Apr-22,109468
1021,5,2557,방이,Apr-22,195246
1022,5,2558,오금(5),Apr-22,99338
1023,5,2559,개롱,Apr-22,178368
1024,5,2560,거여,Apr-22,258439
1025,5,2561,마천,Apr-22,189600
1026,5,2562,강일,Apr-22,107700
1027,5,2563,미사,Apr-22,443312
1028,5,2564,하남풍산,Apr-22,113888
1029,5,2565,하남시청,Apr-22,184764
1030,5,2566,하남검단산,Apr-22,162483
1031,6,2611,응암,Apr-22,479953
1032,6,2612,역촌,Apr-22,116093
1033,6,2613,불광(6),Apr-22,119330
1034,6,2614,독바위,Apr-22,80857
1035,6,2616,구산,Apr-22,152926
1036,6,2617,새절,Apr-22,333465
1037,6,2618,증산,Apr-22,276521
1038,6,2619,디지털미디어시티(6),Apr-22,387181
1039,6,2620,월드컵경기장,Apr-22,147311
1040,6,2621,마포구청,Apr-22,335996
1041,6,2622,망원,Apr-22,424936
1042,6,2623,합정(6),Apr-22,367759
1043,6,2624,상수,Apr-22,287113
1044,6,2625,광흥창,Apr-22,226859
1045,6,2626,대흥,Apr-22,231090
1046,6,2627,공덕(6),Apr-22,455853
1047,6,2628,효창공원앞,Apr-22,177879
1048,6,2629,삼각지(6),Apr-22,156211
1049,6,2630,녹사평,Apr-22,148478
1050,6,2631,이태원,Apr-22,364213
1051,6,2632,한강진,Apr-22,276501
1052,6,2633,버티고개,Apr-22,57523
1053,6,2634,약수(6),Apr-22,97611
1054,6,2635,청구(6),Apr-22,103997
1055,6,2636,신당(6),Apr-22,234622
1056,6,2637,동묘앞(6),Apr-22,230071
1057,6,2638,창신,Apr-22,80645
1058,6,2639,보문,Apr-22,182724
1059,6,2640,안암,Apr-22,338547
1060,6,2641,고려대,Apr-22,221167
1061,6,2642,월곡,Apr-22,313264
1062,6,2643,상월곡,Apr-22,155732
1063,6,2644,돌곶이,Apr-22,236746
1064,6,2645,석계(6),Apr-22,351277
1065,6,2646,태릉입구(6),Apr-22,169990
1066,6,2647,화랑대,Apr-22,256057
1067,6,2648,봉화산,Apr-22,224866
1068,7,2711,장암,Apr-22,30048
1069,7,2712,도봉산(7),Apr-22,315911
1070,7,2713,수락산,Apr-22,345989
1071,7,2714,마들,Apr-22,325027
1072,7,2715,노원(7),Apr-22,552411
1073,7,2716,중계,Apr-22,359861
1074,7,2717,하계,Apr-22,458451
1075,7,2718,공릉,Apr-22,342290
1076,7,2719,태릉입구(7),Apr-22,233724
1077,7,2720,먹골,Apr-22,267189
1078,7,2721,중화,Apr-22,284830
1079,7,2722,상봉(7),Apr-22,433283
1080,7,2723,면목,Apr-22,422832
1081,7,2724,사가정,Apr-22,441013
1082,7,2725,용마산,Apr-22,165181
1083,7,2726,중곡,Apr-22,271534
1084,7,2727,군자(7),Apr-22,320716
1085,7,2728,어린이대공원,Apr-22,435428
1086,7,2729,건대입구(7),Apr-22,381486
1087,7,2730,뚝섬유원지,Apr-22,338781
1088,7,2731,청담,Apr-22,552885
1089,7,2732,강남구청,Apr-22,458715
1090,7,2733,학동,Apr-22,628889
1091,7,2734,논현,Apr-22,555530
1092,7,2735,반포,Apr-22,154557
1093,7,2736,고속터미널(7),Apr-22,366769
1094,7,2737,내방,Apr-22,378410
1095,7,2738,이수(7),Apr-22,413424
1096,7,2739,남성,Apr-22,275957
1097,7,2740,숭실대입구,Apr-22,388332
1098,7,2741,상도,Apr-22,289664
1099,7,2742,장승배기,Apr-22,233298
1100,7,2743,신대방삼거리,Apr-22,426787
1101,7,2744,보라매,Apr-22,266661
1102,7,2745,신풍,Apr-22,304476
1103,7,2746,대림(7),Apr-22,222907
1104,7,2747,남구로,Apr-22,417541
1105,7,2748,가산디지털단지(7),Apr-22,1072699
1106,7,2749,철산,Apr-22,575905
1107,7,2750,광명사거리,Apr-22,594823
1108,7,2751,천왕,Apr-22,287158
1109,7,2752,온수(7),Apr-22,269617
1110,8,2811,암사,Apr-22,445983
1111,8,2812,천호(8),Apr-22,468995
1112,8,2813,강동구청,Apr-22,276804
1113,8,2814,몽촌토성,Apr-22,175535
1114,8,2815,잠실(8),Apr-22,506642
1115,8,2816,석촌(8),Apr-22,273500
1116,8,2817,송파,Apr-22,214824
1117,8,2818,가락시장(8),Apr-22,229775
1118,8,2819,문정,Apr-22,561452
1119,8,2820,장지,Apr-22,443955
1120,8,2821,복정(8),Apr-22,225271
1121,8,2822,산성,Apr-22,152934
1122,8,2823,남한산성입구,Apr-22,371672
1123,8,2824,단대오거리,Apr-22,286421
1124,8,2825,신흥,Apr-22,124988
1125,8,2826,수진,Apr-22,135862
1126,8,2827,모란(8),Apr-22,115965
1127,8,2828,남위례,Apr-22,138756
1128,9,4126,언주,Apr-22,47832
1129,9,4127,선정릉,Apr-22,42942
1130,9,4128,삼성중앙,Apr-22,33246
1131,9,4129,봉은사,Apr-22,76138
1132,9,4130,종합운동장(9),Apr-22,19079
1133,9,4131,삼전,Apr-22,43015
1134,9,4132,석촌고분,Apr-22,37108
1135,9,4133,석촌(9),Apr-22,48555
1136,9,4134,송파나루,Apr-22,41650
1137,9,4135,한성백제,Apr-22,21309
1138,9,4136,올림픽공원(9),Apr-22,39874
1139,9,4137,둔촌오륜,Apr-22,10429
1140,9,4138,중앙보훈병원,Apr-22,54774
1141,1,150,서울역(1),May-22,1366591
1142,1,151,시청(1),May-22,658279
1143,1,152,종각,May-22,974712
1144,1,153,종로3가(1),May-22,720897
1145,1,154,종로5가,May-22,675247
1146,1,155,동대문(1),May-22,346998
1147,1,156,신설동(1),May-22,393349
1148,1,157,제기동,May-22,524263
1149,1,158,청량리,May-22,620038
1150,1,159,동묘앞(1),May-22,319554
1151,2,201,시청(2),May-22,606214
1152,2,202,을지로입구,May-22,1130909
1153,2,203,을지로3가(2),May-22,641773
1154,2,204,을지로4가(2),May-22,356582
1155,2,205,동대문역사문화공원(2),May-22,442654
1156,2,206,신당(2),May-22,434386
1157,2,207,상왕십리,May-22,396122
1158,2,208,왕십리(2),May-22,429714
1159,2,209,한양대,May-22,454255
1160,2,210,뚝섬,May-22,692200
1161,2,211,성수,May-22,1138897
1162,2,212,건대입구(2),May-22,1249058
1163,2,213,구의,May-22,657066
1164,2,214,강변,May-22,946081
1165,2,215,잠실나루,May-22,402209
1166,2,216,잠실(2),May-22,2170807
1167,2,217,잠실새내,May-22,647725
1168,2,218,종합운동장(2),May-22,483448
1169,2,219,삼성,May-22,1456017
1170,2,220,선릉,May-22,1317615
1171,2,221,역삼,May-22,1491198
1172,2,222,강남,May-22,2364056
1173,2,223,교대(2),May-22,1054506
1174,2,224,서초,May-22,579169
1175,2,225,방배,May-22,543759
1176,2,226,사당(2),May-22,1303682
1177,2,227,낙성대,May-22,789405
1178,2,228,서울대입구,May-22,1397809
1179,2,229,봉천,May-22,629029
1180,2,230,신림,May-22,1808289
1181,2,231,신대방,May-22,763841
1182,2,232,구로디지털단지,May-22,1622434
1183,2,233,대림(2),May-22,731321
1184,2,234,신도림,May-22,1456051
1185,2,235,문래,May-22,627994
1186,2,236,영등포구청(2),May-22,635898
1187,2,237,당산,May-22,636530
1188,2,238,합정(2),May-22,1041508
1189,2,239,홍대입구,May-22,2014237
1190,2,240,신촌,May-22,1063692
1191,2,241,이대,May-22,441007
1192,2,242,아현,May-22,292997
1193,2,243,충정로(2),May-22,294655
1194,2,244,용답,May-22,95835
1195,2,245,신답,May-22,53323
1196,2,246,신설동(2),May-22,109190
1197,2,247,도림천,May-22,39466
1198,2,248,양천구청,May-22,206923
1199,2,249,신정네거리,May-22,311631
1200,2,250,용두,May-22,68573
1201,3,309,지축,May-22,140789
1202,3,310,구파발,May-22,614372
1203,3,311,연신내(3),May-22,1030176
1204,3,312,불광(3),May-22,532746
1205,3,313,녹번,May-22,402515
1206,3,314,홍제,May-22,504683
1207,3,315,무악재,May-22,120121
1208,3,316,독립문,May-22,241038
1209,3,317,경복궁,May-22,886867
1210,3,318,안국,May-22,745264
1211,3,319,종로3가(3),May-22,345204
1212,3,320,을지로3가(3),May-22,303918
1213,3,322,동대입구,May-22,301186
1214,3,323,약수(3),May-22,372210
1215,3,324,금호,May-22,215804
1216,3,325,옥수,May-22,282408
1217,3,326,압구정,May-22,973227
1218,3,327,신사,May-22,932156
1219,3,328,잠원,May-22,140253
1220,3,329,고속터미널(3),May-22,1433054
1221,3,330,교대(3),May-22,262827
1222,3,331,남부터미널,May-22,871821
1223,3,332,양재,May-22,1172155
1224,3,333,매봉,May-22,332329
1225,3,334,도곡,May-22,159736
1226,3,335,대치,May-22,321799
1227,3,336,학여울,May-22,86375
1228,3,337,대청,May-22,267227
1229,3,338,일원,May-22,278706
1230,3,339,수서,May-22,533421
1231,3,340,가락시장(3),May-22,253730
1232,3,341,경찰병원,May-22,200346
1233,3,342,오금(3),May-22,163371
1234,4,409,당고개,May-22,253519
1235,4,410,상계,May-22,536356
1236,4,411,노원(4),May-22,658955
1237,4,412,창동,May-22,810901
1238,4,413,쌍문,May-22,783574
1239,4,414,수유,May-22,1009941
1240,4,415,미아,May-22,427784
1241,4,416,미아사거리,May-22,791389
1242,4,417,길음,May-22,629486
1243,4,418,성신여대입구,May-22,609769
1244,4,419,한성대입구,May-22,429146
1245,4,420,혜화,May-22,1073360
1246,4,421,동대문(4),May-22,587551
1247,4,422,동대문역사문화공원(4),May-22,404130
1248,4,423,충무로(4),May-22,799569
1249,4,424,명동,May-22,652032
1250,4,425,회현,May-22,770700
1251,4,426,서울역(4),May-22,553649
1252,4,427,숙대입구,May-22,406857
1253,4,428,삼각지(4),May-22,188929
1254,4,429,신용산,May-22,528477
1255,4,430,이촌,May-22,312016
1256,4,431,동작,May-22,80550
1257,4,432,이수(총신대입구),May-22,616940
1258,4,433,사당(4),May-22,701804
1259,4,434,남태령,May-22,33800
1260,5,2511,방화,May-22,191280
1261,5,2512,개화산,May-22,157223
1262,5,2513,김포공항(5),May-22,243416
1263,5,2514,송정,May-22,183368
1264,5,2515,마곡,May-22,294784
1265,5,2516,발산,May-22,617179
1266,5,2517,우장산,May-22,418117
1267,5,2518,화곡,May-22,766864
1268,5,2519,까치산(5),May-22,799377
1269,5,2520,신정,May-22,324215
1270,5,2521,목동,May-22,510750
1271,5,2522,오목교,May-22,673348
1272,5,2523,양평(5),May-22,198208
1273,5,2524,영등포구청(5),May-22,118254
1274,5,2525,영등포시장,May-22,308046
1275,5,2526,신길(5),May-22,124478
1276,5,2527,여의도(5),May-22,811999
1277,5,2528,여의나루,May-22,574897
1278,5,2529,마포,May-22,401652
1279,5,2530,공덕(5),May-22,409558
1280,5,2531,애오개,May-22,186676
1281,5,2532,충정로(5),May-22,126493
1282,5,2533,서대문,May-22,531651
1283,5,2534,광화문,May-22,908793
1284,5,2535,종로3가(5),May-22,417516
1285,5,2536,을지로4가(5),May-22,174901
1286,5,2537,동대문역사문화공원(5),May-22,87582
1287,5,2538,청구(5),May-22,103698
1288,5,2539,신금호,May-22,193580
1289,5,2540,행당,May-22,206975
1290,5,2541,왕십리(5),May-22,162067
1291,5,2542,마장,May-22,159179
1292,5,2543,답십리,May-22,426378
1293,5,2544,장한평,May-22,511586
1294,5,2545,군자(5),May-22,368841
1295,5,2546,아차산,May-22,462299
1296,5,2547,광나루,May-22,381071
1297,5,2548,천호(5),May-22,562630
1298,5,2549,강동,May-22,513854
1299,5,2550,길동,May-22,240439
1300,5,2551,굽은다리,May-22,271453
1301,5,2552,명일,May-22,265498
1302,5,2553,고덕,May-22,278955
1303,5,2554,상일동,May-22,399593
1304,5,2555,둔촌동,May-22,240669
1305,5,2556,올림픽공원(5),May-22,130987
1306,5,2557,방이,May-22,211896
1307,5,2558,오금(5),May-22,107298
1308,5,2559,개롱,May-22,192932
1309,5,2560,거여,May-22,283527
1310,5,2561,마천,May-22,206151
1311,5,2562,강일,May-22,122053
1312,5,2563,미사,May-22,484606
1313,5,2564,하남풍산,May-22,121906
1314,5,2565,하남시청,May-22,204977
1315,5,2566,하남검단산,May-22,181987
1316,6,2611,응암,May-22,503733
1317,6,2612,역촌,May-22,125083
1318,6,2613,불광(6),May-22,130088
1319,6,2614,독바위,May-22,86240
1320,6,2616,구산,May-22,162109
1321,6,2617,새절,May-22,353586
1322,6,2618,증산,May-22,294147
1323,6,2619,디지털미디어시티(6),May-22,430704
1324,6,2620,월드컵경기장,May-22,192199
1325,6,2621,마포구청,May-22,363643
1326,6,2622,망원,May-22,461197
1327,6,2623,합정(6),May-22,409329
1328,6,2624,상수,May-22,324443
1329,6,2625,광흥창,May-22,248455
1330,6,2626,대흥,May-22,256539
1331,6,2627,공덕(6),May-22,500031
1332,6,2628,효창공원앞,May-22,194304
1333,6,2629,삼각지(6),May-22,188332
1334,6,2630,녹사평,May-22,170880
1335,6,2631,이태원,May-22,426481
1336,6,2632,한강진,May-22,320472
1337,6,2633,버티고개,May-22,63645
1338,6,2634,약수(6),May-22,106207
1339,6,2635,청구(6),May-22,108339
1340,6,2636,신당(6),May-22,250360
1341,6,2637,동묘앞(6),May-22,256650
1342,6,2638,창신,May-22,87832
1343,6,2639,보문,May-22,200963
1344,6,2640,안암,May-22,415940
1345,6,2641,고려대,May-22,249247
1346,6,2642,월곡,May-22,341002
1347,6,2643,상월곡,May-22,173144
1348,6,2644,돌곶이,May-22,257271
1349,6,2645,석계(6),May-22,382476
1350,6,2646,태릉입구(6),May-22,224582
1351,6,2647,화랑대,May-22,281001
1352,6,2648,봉화산,May-22,243942
1353,7,2711,장암,May-22,32598
1354,7,2712,도봉산(7),May-22,342822
1355,7,2713,수락산,May-22,377692
1356,7,2714,마들,May-22,351058
1357,7,2715,노원(7),May-22,619678
1358,7,2716,중계,May-22,388912
1359,7,2717,하계,May-22,494555
1360,7,2718,공릉,May-22,368349
1361,7,2719,태릉입구(7),May-22,301922
1362,7,2720,먹골,May-22,289944
1363,7,2721,중화,May-22,309298
1364,7,2722,상봉(7),May-22,472391
1365,7,2723,면목,May-22,449958
1366,7,2724,사가정,May-22,473185
1367,7,2725,용마산,May-22,176240
1368,7,2726,중곡,May-22,291084
1369,7,2727,군자(7),May-22,343300
1370,7,2728,어린이대공원,May-22,496643
1371,7,2729,건대입구(7),May-22,429678
1372,7,2730,뚝섬유원지,May-22,382392
1373,7,2731,청담,May-22,596985
1374,7,2732,강남구청,May-22,492331
1375,7,2733,학동,May-22,669103
1376,7,2734,논현,May-22,593334
1377,7,2735,반포,May-22,170425
1378,7,2736,고속터미널(7),May-22,414717
1379,7,2737,내방,May-22,412954
1380,7,2738,이수(7),May-22,455508
1381,7,2739,남성,May-22,299728
1382,7,2740,숭실대입구,May-22,421412
1383,7,2741,상도,May-22,321502
1384,7,2742,장승배기,May-22,252688
1385,7,2743,신대방삼거리,May-22,456388
1386,7,2744,보라매,May-22,287746
1387,7,2745,신풍,May-22,329277
1388,7,2746,대림(7),May-22,251577
1389,7,2747,남구로,May-22,447319
1390,7,2748,가산디지털단지(7),May-22,1129291
1391,7,2749,철산,May-22,629256
1392,7,2750,광명사거리,May-22,636101
1393,7,2751,천왕,May-22,309686
1394,7,2752,온수(7),May-22,289938
1395,8,2811,암사,May-22,476744
1396,8,2812,천호(8),May-22,507871
1397,8,2813,강동구청,May-22,296579
1398,8,2814,몽촌토성,May-22,200185
1399,8,2815,잠실(8),May-22,522571
1400,8,2816,석촌(8),May-22,263653
1401,8,2817,송파,May-22,235851
1402,8,2818,가락시장(8),May-22,244045
1403,8,2819,문정,May-22,588560
1404,8,2820,장지,May-22,474948
1405,8,2821,복정(8),May-22,244613
1406,8,2822,산성,May-22,165644
1407,8,2823,남한산성입구,May-22,399896
1408,8,2824,단대오거리,May-22,309050
1409,8,2825,신흥,May-22,137095
1410,8,2826,수진,May-22,144996
1411,8,2827,모란(8),May-22,121740
1412,8,2828,남위례,May-22,159105
1413,9,4126,언주,May-22,51287
1414,9,4127,선정릉,May-22,46618
1415,9,4128,삼성중앙,May-22,36473
1416,9,4129,봉은사,May-22,87313
1417,9,4130,종합운동장(9),May-22,21345
1418,9,4131,삼전,May-22,46658
1419,9,4132,석촌고분,May-22,39068
1420,9,4133,석촌(9),May-22,50394
1421,9,4134,송파나루,May-22,43249
1422,9,4135,한성백제,May-22,23203
1423,9,4136,올림픽공원(9),May-22,44540
1424,9,4137,둔촌오륜,May-22,10772
1425,9,4138,중앙보훈병원,May-22,59953
1426,1,150,서울역(1),Jun-22,1315763
1427,1,151,시청(1),Jun-22,624554
1428,1,152,종각,Jun-22,940829
1429,1,153,종로3가(1),Jun-22,688964
1430,1,154,종로5가,Jun-22,650869
1431,1,155,동대문(1),Jun-22,320413
1432,1,156,신설동(1),Jun-22,362789
1433,1,157,제기동,Jun-22,493838
1434,1,158,청량리,Jun-22,578300
1435,1,159,동묘앞(1),Jun-22,283125
1436,2,201,시청(2),Jun-22,574942
1437,2,202,을지로입구,Jun-22,1097460
1438,2,203,을지로3가(2),Jun-22,616025
1439,2,204,을지로4가(2),Jun-22,345655
1440,2,205,동대문역사문화공원(2),Jun-22,431197
1441,2,206,신당(2),Jun-22,410277
1442,2,207,상왕십리,Jun-22,382075
1443,2,208,왕십리(2),Jun-22,394834
1444,2,209,한양대,Jun-22,310932
1445,2,210,뚝섬,Jun-22,655608
1446,2,211,성수,Jun-22,1076016
1447,2,212,건대입구(2),Jun-22,1119393
1448,2,213,구의,Jun-22,632540
1449,2,214,강변,Jun-22,896131
1450,2,215,잠실나루,Jun-22,383206
1451,2,216,잠실(2),Jun-22,2028396
1452,2,217,잠실새내,Jun-22,616580
1453,2,218,종합운동장(2),Jun-22,441176
1454,2,219,삼성,Jun-22,1466875
1455,2,220,선릉,Jun-22,1285855
1456,2,221,역삼,Jun-22,1473736
1457,2,222,강남,Jun-22,2182162
1458,2,223,교대(2),Jun-22,1012875
1459,2,224,서초,Jun-22,559773
1460,2,225,방배,Jun-22,489500
1461,2,226,사당(2),Jun-22,1245557
1462,2,227,낙성대,Jun-22,748376
1463,2,228,서울대입구,Jun-22,1285144
1464,2,229,봉천,Jun-22,615690
1465,2,230,신림,Jun-22,1612560
1466,2,231,신대방,Jun-22,706581
1467,2,232,구로디지털단지,Jun-22,1570697
1468,2,233,대림(2),Jun-22,701346
1469,2,234,신도림,Jun-22,1383906
1470,2,235,문래,Jun-22,606816
1471,2,236,영등포구청(2),Jun-22,604864
1472,2,237,당산,Jun-22,589608
1473,2,238,합정(2),Jun-22,981060
1474,2,239,홍대입구,Jun-22,1868592
1475,2,240,신촌,Jun-22,998589
1476,2,241,이대,Jun-22,406981
1477,2,242,아현,Jun-22,278038
1478,2,243,충정로(2),Jun-22,280961
1479,2,244,용답,Jun-22,84598
1480,2,245,신답,Jun-22,52146
1481,2,246,신설동(2),Jun-22,103366
1482,2,247,도림천,Jun-22,38357
1483,2,248,양천구청,Jun-22,199178
1484,2,249,신정네거리,Jun-22,295604
1485,2,250,용두,Jun-22,66087
1486,3,309,지축,Jun-22,135989
1487,3,310,구파발,Jun-22,579602
1488,3,311,연신내(3),Jun-22,969732
1489,3,312,불광(3),Jun-22,497619
1490,3,313,녹번,Jun-22,382158
1491,3,314,홍제,Jun-22,468291
1492,3,315,무악재,Jun-22,112175
1493,3,316,독립문,Jun-22,216332
1494,3,317,경복궁,Jun-22,775383
1495,3,318,안국,Jun-22,677065
1496,3,319,종로3가(3),Jun-22,328791
1497,3,320,을지로3가(3),Jun-22,288422
1498,3,322,동대입구,Jun-22,274680
1499,3,323,약수(3),Jun-22,353117
1500,3,324,금호,Jun-22,206867
1501,3,325,옥수,Jun-22,267789
1502,3,326,압구정,Jun-22,949766
1503,3,327,신사,Jun-22,840508
1504,3,328,잠원,Jun-22,131108
1505,3,329,고속터미널(3),Jun-22,1336554
1506,3,330,교대(3),Jun-22,247886
1507,3,331,남부터미널,Jun-22,825230
1508,3,332,양재,Jun-22,1090347
1509,3,333,매봉,Jun-22,320523
1510,3,334,도곡,Jun-22,149258
1511,3,335,대치,Jun-22,310948
1512,3,336,학여울,Jun-22,68102
1513,3,337,대청,Jun-22,260410
1514,3,338,일원,Jun-22,272276
1515,3,339,수서,Jun-22,512400
1516,3,340,가락시장(3),Jun-22,241694
1517,3,341,경찰병원,Jun-22,194509
1518,3,342,오금(3),Jun-22,153399
1519,4,409,당고개,Jun-22,233293
1520,4,410,상계,Jun-22,500064
1521,4,411,노원(4),Jun-22,606595
1522,4,412,창동,Jun-22,762772
1523,4,413,쌍문,Jun-22,737066
1524,4,414,수유,Jun-22,945133
1525,4,415,미아,Jun-22,401272
1526,4,416,미아사거리,Jun-22,743977
1527,4,417,길음,Jun-22,576706
1528,4,418,성신여대입구,Jun-22,556197
1529,4,419,한성대입구,Jun-22,381434
1530,4,420,혜화,Jun-22,960719
1531,4,421,동대문(4),Jun-22,558404
1532,4,422,동대문역사문화공원(4),Jun-22,391037
1533,4,423,충무로(4),Jun-22,744854
1534,4,424,명동,Jun-22,612664
1535,4,425,회현,Jun-22,717240
1536,4,426,서울역(4),Jun-22,530165
1537,4,427,숙대입구,Jun-22,370852
1538,4,428,삼각지(4),Jun-22,187351
1539,4,429,신용산,Jun-22,515991
1540,4,430,이촌,Jun-22,289859
1541,4,431,동작,Jun-22,72625
1542,4,432,이수(총신대입구),Jun-22,580298
1543,4,433,사당(4),Jun-22,659096
1544,4,434,남태령,Jun-22,33336
1545,5,2511,방화,Jun-22,182422
1546,5,2512,개화산,Jun-22,151747
1547,5,2513,김포공항(5),Jun-22,233800
1548,5,2514,송정,Jun-22,174475
1549,5,2515,마곡,Jun-22,282040
1550,5,2516,발산,Jun-22,588511
1551,5,2517,우장산,Jun-22,396936
1552,5,2518,화곡,Jun-22,730621
1553,5,2519,까치산(5),Jun-22,763770
1554,5,2520,신정,Jun-22,313954
1555,5,2521,목동,Jun-22,492111
1556,5,2522,오목교,Jun-22,638487
1557,5,2523,양평(5),Jun-22,192956
1558,5,2524,영등포구청(5),Jun-22,114265
1559,5,2525,영등포시장,Jun-22,300215
1560,5,2526,신길(5),Jun-22,121853
1561,5,2527,여의도(5),Jun-22,771030
1562,5,2528,여의나루,Jun-22,397491
1563,5,2529,마포,Jun-22,388429
1564,5,2530,공덕(5),Jun-22,397062
1565,5,2531,애오개,Jun-22,178182
1566,5,2532,충정로(5),Jun-22,119145
1567,5,2533,서대문,Jun-22,502766
1568,5,2534,광화문,Jun-22,869594
1569,5,2535,종로3가(5),Jun-22,386147
1570,5,2536,을지로4가(5),Jun-22,168494
1571,5,2537,동대문역사문화공원(5),Jun-22,86465
1572,5,2538,청구(5),Jun-22,99210
1573,5,2539,신금호,Jun-22,185546
1574,5,2540,행당,Jun-22,199588
1575,5,2541,왕십리(5),Jun-22,151207
1576,5,2542,마장,Jun-22,148243
1577,5,2543,답십리,Jun-22,409941
1578,5,2544,장한평,Jun-22,499338
1579,5,2545,군자(5),Jun-22,349977
1580,5,2546,아차산,Jun-22,409196
1581,5,2547,광나루,Jun-22,355131
1582,5,2548,천호(5),Jun-22,527527
1583,5,2549,강동,Jun-22,494091
1584,5,2550,길동,Jun-22,230608
1585,5,2551,굽은다리,Jun-22,258976
1586,5,2552,명일,Jun-22,253982
1587,5,2553,고덕,Jun-22,262949
1588,5,2554,상일동,Jun-22,379099
1589,5,2555,둔촌동,Jun-22,228326
1590,5,2556,올림픽공원(5),Jun-22,118982
1591,5,2557,방이,Jun-22,204791
1592,5,2558,오금(5),Jun-22,102082
1593,5,2559,개롱,Jun-22,185804
1594,5,2560,거여,Jun-22,271797
1595,5,2561,마천,Jun-22,197660
1596,5,2562,강일,Jun-22,124134
1597,5,2563,미사,Jun-22,467655
1598,5,2564,하남풍산,Jun-22,117210
1599,5,2565,하남시청,Jun-22,197706
1600,5,2566,하남검단산,Jun-22,172215
1601,6,2611,응암,Jun-22,482337
1602,6,2612,역촌,Jun-22,121290
1603,6,2613,불광(6),Jun-22,125808
1604,6,2614,독바위,Jun-22,83548
1605,6,2616,구산,Jun-22,159567
1606,6,2617,새절,Jun-22,331113
1607,6,2618,증산,Jun-22,275931
1608,6,2619,디지털미디어시티(6),Jun-22,420115
1609,6,2620,월드컵경기장,Jun-22,225212
1610,6,2621,마포구청,Jun-22,352945
1611,6,2622,망원,Jun-22,430366
1612,6,2623,합정(6),Jun-22,388202
1613,6,2624,상수,Jun-22,303798
1614,6,2625,광흥창,Jun-22,240828
1615,6,2626,대흥,Jun-22,240276
1616,6,2627,공덕(6),Jun-22,475851
1617,6,2628,효창공원앞,Jun-22,180688
1618,6,2629,삼각지(6),Jun-22,183122
1619,6,2630,녹사평,Jun-22,155703
1620,6,2631,이태원,Jun-22,397153
1621,6,2632,한강진,Jun-22,298440
1622,6,2633,버티고개,Jun-22,60494
1623,6,2634,약수(6),Jun-22,101668
1624,6,2635,청구(6),Jun-22,102389
1625,6,2636,신당(6),Jun-22,237321
1626,6,2637,동묘앞(6),Jun-22,236435
1627,6,2638,창신,Jun-22,83094
1628,6,2639,보문,Jun-22,190408
1629,6,2640,안암,Jun-22,321981
1630,6,2641,고려대,Jun-22,221912
1631,6,2642,월곡,Jun-22,312558
1632,6,2643,상월곡,Jun-22,160914
1633,6,2644,돌곶이,Jun-22,241382
1634,6,2645,석계(6),Jun-22,353165
1635,6,2646,태릉입구(6),Jun-22,176323
1636,6,2647,화랑대,Jun-22,252212
1637,6,2648,봉화산,Jun-22,233283
1638,7,2711,장암,Jun-22,30065
1639,7,2712,도봉산(7),Jun-22,312258
1640,7,2713,수락산,Jun-22,357894
1641,7,2714,마들,Jun-22,338562
1642,7,2715,노원(7),Jun-22,581765
1643,7,2716,중계,Jun-22,366329
1644,7,2717,하계,Jun-22,464329
1645,7,2718,공릉,Jun-22,328863
1646,7,2719,태릉입구(7),Jun-22,237113
1647,7,2720,먹골,Jun-22,275423
1648,7,2721,중화,Jun-22,287662
1649,7,2722,상봉(7),Jun-22,449304
1650,7,2723,면목,Jun-22,414885
1651,7,2724,사가정,Jun-22,444802
1652,7,2725,용마산,Jun-22,164031
1653,7,2726,중곡,Jun-22,281147
1654,7,2727,군자(7),Jun-22,331261
1655,7,2728,어린이대공원,Jun-22,415722
1656,7,2729,건대입구(7),Jun-22,394565
1657,7,2730,뚝섬유원지,Jun-22,265886
1658,7,2731,청담,Jun-22,579565
1659,7,2732,강남구청,Jun-22,486193
1660,7,2733,학동,Jun-22,646555
1661,7,2734,논현,Jun-22,528312
1662,7,2735,반포,Jun-22,163788
1663,7,2736,고속터미널(7),Jun-22,400547
1664,7,2737,내방,Jun-22,393353
1665,7,2738,이수(7),Jun-22,443623
1666,7,2739,남성,Jun-22,288021
1667,7,2740,숭실대입구,Jun-22,367829
1668,7,2741,상도,Jun-22,300208
1669,7,2742,장승배기,Jun-22,245548
1670,7,2743,신대방삼거리,Jun-22,406031
1671,7,2744,보라매,Jun-22,228158
1672,7,2745,신풍,Jun-22,317636
1673,7,2746,대림(7),Jun-22,244595
1674,7,2747,남구로,Jun-22,432229
1675,7,2748,가산디지털단지(7),Jun-22,1089209
1676,7,2749,철산,Jun-22,598046
1677,7,2750,광명사거리,Jun-22,608022
1678,7,2751,천왕,Jun-22,298818
1679,7,2752,온수(7),Jun-22,267370
1680,8,2811,암사,Jun-22,458496
1681,8,2812,천호(8),Jun-22,479764
1682,8,2813,강동구청,Jun-22,286989
1683,8,2814,몽촌토성,Jun-22,179453
1684,8,2815,잠실(8),Jun-22,500296
1685,8,2816,석촌(8),Jun-22,247503
1686,8,2817,송파,Jun-22,233154
1687,8,2818,가락시장(8),Jun-22,233399
1688,8,2819,문정,Jun-22,568243
1689,8,2820,장지,Jun-22,455934
1690,8,2821,복정(8),Jun-22,227680
1691,8,2822,산성,Jun-22,155091
1692,8,2823,남한산성입구,Jun-22,360664
1693,8,2824,단대오거리,Jun-22,288815
1694,8,2825,신흥,Jun-22,130293
1695,8,2826,수진,Jun-22,141454
1696,8,2827,모란(8),Jun-22,114352
1697,8,2828,남위례,Jun-22,156553
1698,9,4126,언주,Jun-22,50032
1699,9,4127,선정릉,Jun-22,44927
1700,9,4128,삼성중앙,Jun-22,36482
1701,9,4129,봉은사,Jun-22,86863
1702,9,4130,종합운동장(9),Jun-22,20012
1703,9,4131,삼전,Jun-22,45961
1704,9,4132,석촌고분,Jun-22,38963
1705,9,4133,석촌(9),Jun-22,48919
1706,9,4134,송파나루,Jun-22,41365
1707,9,4135,한성백제,Jun-22,21823
1708,9,4136,올림픽공원(9),Jun-22,41191
1709,9,4137,둔촌오륜,Jun-22,10223
1710,9,4138,중앙보훈병원,Jun-22,57423
1711,1,150,서울역(1),Jul-22,1339173
1712,1,151,시청(1),Jul-22,657393
1713,1,152,종각,Jul-22,985824
1714,1,153,종로3가(1),Jul-22,698755
1715,1,154,종로5가,Jul-22,642341
1716,1,155,동대문(1),Jul-22,319821
1717,1,156,신설동(1),Jul-22,377013
1718,1,157,제기동,Jul-22,496234
1719,1,158,청량리,Jul-22,580513
1720,1,159,동묘앞(1),Jul-22,280351
1721,2,201,시청(2),Jul-22,613806
1722,2,202,을지로입구,Jul-22,1162098
1723,2,203,을지로3가(2),Jul-22,642165
1724,2,204,을지로4가(2),Jul-22,354374
1725,2,205,동대문역사문화공원(2),Jul-22,449881
1726,2,206,신당(2),Jul-22,414353
1727,2,207,상왕십리,Jul-22,388093
1728,2,208,왕십리(2),Jul-22,402038
1729,2,209,한양대,Jul-22,221713
1730,2,210,뚝섬,Jul-22,666113
1731,2,211,성수,Jul-22,1138953
1732,2,212,건대입구(2),Jul-22,1152266
1733,2,213,구의,Jul-22,645827
1734,2,214,강변,Jul-22,926268
1735,2,215,잠실나루,Jul-22,382146
1736,2,216,잠실(2),Jul-22,2212989
1737,2,217,잠실새내,Jul-22,644824
1738,2,218,종합운동장(2),Jul-22,452319
1739,2,219,삼성,Jul-22,1590363
1740,2,220,선릉,Jul-22,1337009
1741,2,221,역삼,Jul-22,1520948
1742,2,222,강남,Jul-22,2333099
1743,2,223,교대(2),Jul-22,1025284
1744,2,224,서초,Jul-22,577848
1745,2,225,방배,Jul-22,458127
1746,2,226,사당(2),Jul-22,1242380
1747,2,227,낙성대,Jul-22,764617
1748,2,228,서울대입구,Jul-22,1319764
1749,2,229,봉천,Jul-22,630723
1750,2,230,신림,Jul-22,1632136
1751,2,231,신대방,Jul-22,711055
1752,2,232,구로디지털단지,Jul-22,1607975
1753,2,233,대림(2),Jul-22,705700
1754,2,234,신도림,Jul-22,1381249
1755,2,235,문래,Jul-22,617511
1756,2,236,영등포구청(2),Jul-22,607199
1757,2,237,당산,Jul-22,581884
1758,2,238,합정(2),Jul-22,1024271
1759,2,239,홍대입구,Jul-22,2042916
1760,2,240,신촌,Jul-22,1068373
1761,2,241,이대,Jul-22,413626
1762,2,242,아현,Jul-22,280520
1763,2,243,충정로(2),Jul-22,285558
1764,2,244,용답,Jul-22,79805
1765,2,245,신답,Jul-22,53509
1766,2,246,신설동(2),Jul-22,107914
1767,2,247,도림천,Jul-22,39999
1768,2,248,양천구청,Jul-22,197492
1769,2,249,신정네거리,Jul-22,299890
1770,2,250,용두,Jul-22,67609
1771,3,309,지축,Jul-22,140231
1772,3,310,구파발,Jul-22,599929
1773,3,311,연신내(3),Jul-22,983093
1774,3,312,불광(3),Jul-22,501410
1775,3,313,녹번,Jul-22,382406
1776,3,314,홍제,Jul-22,462977
1777,3,315,무악재,Jul-22,111111
1778,3,316,독립문,Jul-22,206841
1779,3,317,경복궁,Jul-22,637924
1780,3,318,안국,Jul-22,663799
1781,3,319,종로3가(3),Jul-22,337790
1782,3,320,을지로3가(3),Jul-22,292688
1783,3,322,동대입구,Jul-22,258106
1784,3,323,약수(3),Jul-22,352964
1785,3,324,금호,Jul-22,206441
1786,3,325,옥수,Jul-22,267047
1787,3,326,압구정,Jul-22,986301
1788,3,327,신사,Jul-22,876548
1789,3,328,잠원,Jul-22,132343
1790,3,329,고속터미널(3),Jul-22,1402838
1791,3,330,교대(3),Jul-22,250660
1792,3,331,남부터미널,Jul-22,849472
1793,3,332,양재,Jul-22,1088254
1794,3,333,매봉,Jul-22,323994
1795,3,334,도곡,Jul-22,145659
1796,3,335,대치,Jul-22,329530
1797,3,336,학여울,Jul-22,68785
1798,3,337,대청,Jul-22,259263
1799,3,338,일원,Jul-22,271635
1800,3,339,수서,Jul-22,517473
1801,3,340,가락시장(3),Jul-22,240833
1802,3,341,경찰병원,Jul-22,198008
1803,3,342,오금(3),Jul-22,155402
1804,4,409,당고개,Jul-22,240494
1805,4,410,상계,Jul-22,498854
1806,4,411,노원(4),Jul-22,615137
1807,4,412,창동,Jul-22,769864
1808,4,413,쌍문,Jul-22,743078
1809,4,414,수유,Jul-22,953496
1810,4,415,미아,Jul-22,395194
1811,4,416,미아사거리,Jul-22,756501
1812,4,417,길음,Jul-22,558777
1813,4,418,성신여대입구,Jul-22,551568
1814,4,419,한성대입구,Jul-22,362841
1815,4,420,혜화,Jul-22,1010074
1816,4,421,동대문(4),Jul-22,561335
1817,4,422,동대문역사문화공원(4),Jul-22,402814
1818,4,423,충무로(4),Jul-22,713775
1819,4,424,명동,Jul-22,614573
1820,4,425,회현,Jul-22,704279
1821,4,426,서울역(4),Jul-22,542166
1822,4,427,숙대입구,Jul-22,363744
1823,4,428,삼각지(4),Jul-22,177118
1824,4,429,신용산,Jul-22,527737
1825,4,430,이촌,Jul-22,299558
1826,4,431,동작,Jul-22,59728
1827,4,432,이수(총신대입구),Jul-22,583202
1828,4,433,사당(4),Jul-22,644640
1829,4,434,남태령,Jul-22,33571
1830,5,2511,방화,Jul-22,185674
1831,5,2512,개화산,Jul-22,152171
1832,5,2513,김포공항(5),Jul-22,248678
1833,5,2514,송정,Jul-22,175451
1834,5,2515,마곡,Jul-22,291572
1835,5,2516,발산,Jul-22,597085
1836,5,2517,우장산,Jul-22,399798
1837,5,2518,화곡,Jul-22,740909
1838,5,2519,까치산(5),Jul-22,772461
1839,5,2520,신정,Jul-22,315925
1840,5,2521,목동,Jul-22,490040
1841,5,2522,오목교,Jul-22,658945
1842,5,2523,양평(5),Jul-22,197208
1843,5,2524,영등포구청(5),Jul-22,113877
1844,5,2525,영등포시장,Jul-22,303708
1845,5,2526,신길(5),Jul-22,126003
1846,5,2527,여의도(5),Jul-22,803491
1847,5,2528,여의나루,Jul-22,405137
1848,5,2529,마포,Jul-22,391557
1849,5,2530,공덕(5),Jul-22,401247
1850,5,2531,애오개,Jul-22,183226
1851,5,2532,충정로(5),Jul-22,118368
1852,5,2533,서대문,Jul-22,501399
1853,5,2534,광화문,Jul-22,881792
1854,5,2535,종로3가(5),Jul-22,389269
1855,5,2536,을지로4가(5),Jul-22,167237
1856,5,2537,동대문역사문화공원(5),Jul-22,92502
1857,5,2538,청구(5),Jul-22,100359
1858,5,2539,신금호,Jul-22,183985
1859,5,2540,행당,Jul-22,202227
1860,5,2541,왕십리(5),Jul-22,154166
1861,5,2542,마장,Jul-22,146247
1862,5,2543,답십리,Jul-22,418678
1863,5,2544,장한평,Jul-22,512507
1864,5,2545,군자(5),Jul-22,349903
1865,5,2546,아차산,Jul-22,399590
1866,5,2547,광나루,Jul-22,349201
1867,5,2548,천호(5),Jul-22,542566
1868,5,2549,강동,Jul-22,501278
1869,5,2550,길동,Jul-22,236597
1870,5,2551,굽은다리,Jul-22,269131
1871,5,2552,명일,Jul-22,253296
1872,5,2553,고덕,Jul-22,269802
1873,5,2554,상일동,Jul-22,384501
1874,5,2555,둔촌동,Jul-22,231281
1875,5,2556,올림픽공원(5),Jul-22,105524
1876,5,2557,방이,Jul-22,207263
1877,5,2558,오금(5),Jul-22,100322
1878,5,2559,개롱,Jul-22,188195
1879,5,2560,거여,Jul-22,268754
1880,5,2561,마천,Jul-22,196588
1881,5,2562,강일,Jul-22,123178
1882,5,2563,미사,Jul-22,475157
1883,5,2564,하남풍산,Jul-22,119793
1884,5,2565,하남시청,Jul-22,197533
1885,5,2566,하남검단산,Jul-22,176265
1886,6,2611,응암,Jul-22,487737
1887,6,2612,역촌,Jul-22,119410
1888,6,2613,불광(6),Jul-22,129745
1889,6,2614,독바위,Jul-22,84889
1890,6,2616,구산,Jul-22,166245
1891,6,2617,새절,Jul-22,325662
1892,6,2618,증산,Jul-22,277635
1893,6,2619,디지털미디어시티(6),Jul-22,427459
1894,6,2620,월드컵경기장,Jul-22,195218
1895,6,2621,마포구청,Jul-22,360469
1896,6,2622,망원,Jul-22,441648
1897,6,2623,합정(6),Jul-22,399449
1898,6,2624,상수,Jul-22,315410
1899,6,2625,광흥창,Jul-22,243915
1900,6,2626,대흥,Jul-22,242358
1901,6,2627,공덕(6),Jul-22,483207
1902,6,2628,효창공원앞,Jul-22,175231
1903,6,2629,삼각지(6),Jul-22,176062
1904,6,2630,녹사평,Jul-22,158517
1905,6,2631,이태원,Jul-22,416099
1906,6,2632,한강진,Jul-22,307222
1907,6,2633,버티고개,Jul-22,60570
1908,6,2634,약수(6),Jul-22,103416
1909,6,2635,청구(6),Jul-22,103665
1910,6,2636,신당(6),Jul-22,234302
1911,6,2637,동묘앞(6),Jul-22,238488
1912,6,2638,창신,Jul-22,79498
1913,6,2639,보문,Jul-22,194213
1914,6,2640,안암,Jul-22,291218
1915,6,2641,고려대,Jul-22,217389
1916,6,2642,월곡,Jul-22,313581
1917,6,2643,상월곡,Jul-22,157602
1918,6,2644,돌곶이,Jul-22,243411
1919,6,2645,석계(6),Jul-22,352416
1920,6,2646,태릉입구(6),Jul-22,169147
1921,6,2647,화랑대,Jul-22,247150
1922,6,2648,봉화산,Jul-22,237418
1923,7,2711,장암,Jul-22,34450
1924,7,2712,도봉산(7),Jul-22,303497
1925,7,2713,수락산,Jul-22,370323
1926,7,2714,마들,Jul-22,343027
1927,7,2715,노원(7),Jul-22,612315
1928,7,2716,중계,Jul-22,364085
1929,7,2717,하계,Jul-22,468551
1930,7,2718,공릉,Jul-22,329524
1931,7,2719,태릉입구(7),Jul-22,230114
1932,7,2720,먹골,Jul-22,282726
1933,7,2721,중화,Jul-22,292849
1934,7,2722,상봉(7),Jul-22,458421
1935,7,2723,면목,Jul-22,406122
1936,7,2724,사가정,Jul-22,445988
1937,7,2725,용마산,Jul-22,165938
1938,7,2726,중곡,Jul-22,282798
1939,7,2727,군자(7),Jul-22,337465
1940,7,2728,어린이대공원,Jul-22,364510
1941,7,2729,건대입구(7),Jul-22,396118
1942,7,2730,뚝섬유원지,Jul-22,257558
1943,7,2731,청담,Jul-22,590370
1944,7,2732,강남구청,Jul-22,492488
1945,7,2733,학동,Jul-22,656033
1946,7,2734,논현,Jul-22,531954
1947,7,2735,반포,Jul-22,167727
1948,7,2736,고속터미널(7),Jul-22,403141
1949,7,2737,내방,Jul-22,401802
1950,7,2738,이수(7),Jul-22,456751
1951,7,2739,남성,Jul-22,289646
1952,7,2740,숭실대입구,Jul-22,335144
1953,7,2741,상도,Jul-22,294384
1954,7,2742,장승배기,Jul-22,253122
1955,7,2743,신대방삼거리,Jul-22,407965
1956,7,2744,보라매,Jul-22,219932
1957,7,2745,신풍,Jul-22,322633
1958,7,2746,대림(7),Jul-22,253744
1959,7,2747,남구로,Jul-22,441463
1960,7,2748,가산디지털단지(7),Jul-22,1116312
1961,7,2749,철산,Jul-22,606458
1962,7,2750,광명사거리,Jul-22,612771
1963,7,2751,천왕,Jul-22,301409
1964,7,2752,온수(7),Jul-22,253912
1965,8,2811,암사,Jul-22,465069
1966,8,2812,천호(8),Jul-22,491745
1967,8,2813,강동구청,Jul-22,291773
1968,8,2814,몽촌토성,Jul-22,177035
1969,8,2815,잠실(8),Jul-22,540336
1970,8,2816,석촌(8),Jul-22,253034
1971,8,2817,송파,Jul-22,242937
1972,8,2818,가락시장(8),Jul-22,234184
1973,8,2819,문정,Jul-22,581659
1974,8,2820,장지,Jul-22,469845
1975,8,2821,복정(8),Jul-22,218906
1976,8,2822,산성,Jul-22,151423
1977,8,2823,남한산성입구,Jul-22,336976
1978,8,2824,단대오거리,Jul-22,286365
1979,8,2825,신흥,Jul-22,136652
1980,8,2826,수진,Jul-22,142545
1981,8,2827,모란(8),Jul-22,112502
1982,8,2828,남위례,Jul-22,157064
1983,9,4126,언주,Jul-22,52199
1984,9,4127,선정릉,Jul-22,47490
1985,9,4128,삼성중앙,Jul-22,38546
1986,9,4129,봉은사,Jul-22,95218
1987,9,4130,종합운동장(9),Jul-22,21176
1988,9,4131,삼전,Jul-22,48132
1989,9,4132,석촌고분,Jul-22,40988
1990,9,4133,석촌(9),Jul-22,50904
1991,9,4134,송파나루,Jul-22,44038
1992,9,4135,한성백제,Jul-22,21930
1993,9,4136,올림픽공원(9),Jul-22,40569
1994,9,4137,둔촌오륜,Jul-22,10236
1995,9,4138,중앙보훈병원,Jul-22,58910
1996,1,150,서울역(1),Aug-22,1308757
1997,1,151,시청(1),Aug-22,649885
1998,1,152,종각,Aug-22,963022
1999,1,153,종로3가(1),Aug-22,661307
2000,1,154,종로5가,Aug-22,616993
2001,1,155,동대문(1),Aug-22,295307
2002,1,156,신설동(1),Aug-22,358114
2003,1,157,제기동,Aug-22,493439
2004,1,158,청량리,Aug-22,566099
2005,1,159,동묘앞(1),Aug-22,261286
2006,2,201,시청(2),Aug-22,597267
2007,2,202,을지로입구,Aug-22,1147831
2008,2,203,을지로3가(2),Aug-22,623713
2009,2,204,을지로4가(2),Aug-22,351501
2010,2,205,동대문역사문화공원(2),Aug-22,424713
2011,2,206,신당(2),Aug-22,403278
2012,2,207,상왕십리,Aug-22,376537
2013,2,208,왕십리(2),Aug-22,383640
2014,2,209,한양대,Aug-22,202956
2015,2,210,뚝섬,Aug-22,650811
2016,2,211,성수,Aug-22,1105060
2017,2,212,건대입구(2),Aug-22,1093327
2018,2,213,구의,Aug-22,629963
2019,2,214,강변,Aug-22,901206
2020,2,215,잠실나루,Aug-22,377036
2021,2,216,잠실(2),Aug-22,2087236
2022,2,217,잠실새내,Aug-22,616035
2023,2,218,종합운동장(2),Aug-22,397422
2024,2,219,삼성,Aug-22,1479875
2025,2,220,선릉,Aug-22,1297526
2026,2,221,역삼,Aug-22,1494004
2027,2,222,강남,Aug-22,2152978
2028,2,223,교대(2),Aug-22,982996
2029,2,224,서초,Aug-22,553058
2030,2,225,방배,Aug-22,439665
2031,2,226,사당(2),Aug-22,1164182
2032,2,227,낙성대,Aug-22,738734
2033,2,228,서울대입구,Aug-22,1267303
2034,2,229,봉천,Aug-22,618861
2035,2,230,신림,Aug-22,1566109
2036,2,231,신대방,Aug-22,683590
2037,2,232,구로디지털단지,Aug-22,1557588
2038,2,233,대림(2),Aug-22,684030
2039,2,234,신도림,Aug-22,1330414
2040,2,235,문래,Aug-22,599311
2041,2,236,영등포구청(2),Aug-22,595227
2042,2,237,당산,Aug-22,561948
2043,2,238,합정(2),Aug-22,988158
2044,2,239,홍대입구,Aug-22,1943348
2045,2,240,신촌,Aug-22,1014872
2046,2,241,이대,Aug-22,395222
2047,2,242,아현,Aug-22,272510
2048,2,243,충정로(2),Aug-22,279703
2049,2,244,용답,Aug-22,78458
2050,2,245,신답,Aug-22,51673
2051,2,246,신설동(2),Aug-22,99599
2052,2,247,도림천,Aug-22,38732
2053,2,248,양천구청,Aug-22,191330
2054,2,249,신정네거리,Aug-22,288558
2055,2,250,용두,Aug-22,67653
2056,3,309,지축,Aug-22,138542
2057,3,310,구파발,Aug-22,570833
2058,3,311,연신내(3),Aug-22,946481
2059,3,312,불광(3),Aug-22,479535
2060,3,313,녹번,Aug-22,371178
2061,3,314,홍제,Aug-22,448471
2062,3,315,무악재,Aug-22,107268
2063,3,316,독립문,Aug-22,202622
2064,3,317,경복궁,Aug-22,606647
2065,3,318,안국,Aug-22,631100
2066,3,319,종로3가(3),Aug-22,317369
2067,3,320,을지로3가(3),Aug-22,281655
2068,3,322,동대입구,Aug-22,257905
2069,3,323,약수(3),Aug-22,342845
2070,3,324,금호,Aug-22,201922
2071,3,325,옥수,Aug-22,259399
2072,3,326,압구정,Aug-22,943914
2073,3,327,신사,Aug-22,833201
2074,3,328,잠원,Aug-22,128687
2075,3,329,고속터미널(3),Aug-22,1322085
2076,3,330,교대(3),Aug-22,242524
2077,3,331,남부터미널,Aug-22,813746
2078,3,332,양재,Aug-22,1044475
2079,3,333,매봉,Aug-22,309725
2080,3,334,도곡,Aug-22,140566
2081,3,335,대치,Aug-22,323945
2082,3,336,학여울,Aug-22,75103
2083,3,337,대청,Aug-22,256593
2084,3,338,일원,Aug-22,268149
2085,3,339,수서,Aug-22,501174
2086,3,340,가락시장(3),Aug-22,236635
2087,3,341,경찰병원,Aug-22,195728
2088,3,342,오금(3),Aug-22,151199
2089,4,409,당고개,Aug-22,233501
2090,4,410,상계,Aug-22,481871
2091,4,411,노원(4),Aug-22,589617
2092,4,412,창동,Aug-22,740005
2093,4,413,쌍문,Aug-22,723196
2094,4,414,수유,Aug-22,924776
2095,4,415,미아,Aug-22,384005
2096,4,416,미아사거리,Aug-22,723702
2097,4,417,길음,Aug-22,540421
2098,4,418,성신여대입구,Aug-22,534539
2099,4,419,한성대입구,Aug-22,351101
2100,4,420,혜화,Aug-22,981347
2101,4,421,동대문(4),Aug-22,503726
2102,4,422,동대문역사문화공원(4),Aug-22,387208
2103,4,423,충무로(4),Aug-22,691612
2104,4,424,명동,Aug-22,619825
2105,4,425,회현,Aug-22,654668
2106,4,426,서울역(4),Aug-22,527064
2107,4,427,숙대입구,Aug-22,352274
2108,4,428,삼각지(4),Aug-22,176806
2109,4,429,신용산,Aug-22,517698
2110,4,430,이촌,Aug-22,306167
2111,4,431,동작,Aug-22,61242
2112,4,432,이수(총신대입구),Aug-22,558575
2113,4,433,사당(4),Aug-22,604088
2114,4,434,남태령,Aug-22,32724
2115,5,2511,방화,Aug-22,179131
2116,5,2512,개화산,Aug-22,147447
2117,5,2513,김포공항(5),Aug-22,232638
2118,5,2514,송정,Aug-22,168844
2119,5,2515,마곡,Aug-22,282414
2120,5,2516,발산,Aug-22,576375
2121,5,2517,우장산,Aug-22,390530
2122,5,2518,화곡,Aug-22,722914
2123,5,2519,까치산(5),Aug-22,749853
2124,5,2520,신정,Aug-22,305358
2125,5,2521,목동,Aug-22,478446
2126,5,2522,오목교,Aug-22,641217
2127,5,2523,양평(5),Aug-22,192438
2128,5,2524,영등포구청(5),Aug-22,112994
2129,5,2525,영등포시장,Aug-22,293359
2130,5,2526,신길(5),Aug-22,122588
2131,5,2527,여의도(5),Aug-22,805109
2132,5,2528,여의나루,Aug-22,409660
2133,5,2529,마포,Aug-22,382530
2134,5,2530,공덕(5),Aug-22,390186
2135,5,2531,애오개,Aug-22,176367
2136,5,2532,충정로(5),Aug-22,119741
2137,5,2533,서대문,Aug-22,492338
2138,5,2534,광화문,Aug-22,920645
2139,5,2535,종로3가(5),Aug-22,373840
2140,5,2536,을지로4가(5),Aug-22,164549
2141,5,2537,동대문역사문화공원(5),Aug-22,93629
2142,5,2538,청구(5),Aug-22,97103
2143,5,2539,신금호,Aug-22,177326
2144,5,2540,행당,Aug-22,197574
2145,5,2541,왕십리(5),Aug-22,146225
2146,5,2542,마장,Aug-22,143096
2147,5,2543,답십리,Aug-22,416756
2148,5,2544,장한평,Aug-22,496180
2149,5,2545,군자(5),Aug-22,338834
2150,5,2546,아차산,Aug-22,386607
2151,5,2547,광나루,Aug-22,344817
2152,5,2548,천호(5),Aug-22,519495
2153,5,2549,강동,Aug-22,491123
2154,5,2550,길동,Aug-22,230262
2155,5,2551,굽은다리,Aug-22,255940
2156,5,2552,명일,Aug-22,244246
2157,5,2553,고덕,Aug-22,260833
2158,5,2554,상일동,Aug-22,373041
2159,5,2555,둔촌동,Aug-22,223706
2160,5,2556,올림픽공원(5),Aug-22,120575
2161,5,2557,방이,Aug-22,201719
2162,5,2558,오금(5),Aug-22,97060
2163,5,2559,개롱,Aug-22,181177
2164,5,2560,거여,Aug-22,258714
2165,5,2561,마천,Aug-22,189691
2166,5,2562,강일,Aug-22,120658
2167,5,2563,미사,Aug-22,462251
2168,5,2564,하남풍산,Aug-22,114084
2169,5,2565,하남시청,Aug-22,188000
2170,5,2566,하남검단산,Aug-22,167905
2171,6,2611,응암,Aug-22,470674
2172,6,2612,역촌,Aug-22,120012
2173,6,2613,불광(6),Aug-22,123477
2174,6,2614,독바위,Aug-22,81394
2175,6,2616,구산,Aug-22,162004
2176,6,2617,새절,Aug-22,314426
2177,6,2618,증산,Aug-22,267940
2178,6,2619,디지털미디어시티(6),Aug-22,419585
2179,6,2620,월드컵경기장,Aug-22,152672
2180,6,2621,마포구청,Aug-22,352351
2181,6,2622,망원,Aug-22,435660
2182,6,2623,합정(6),Aug-22,380934
2183,6,2624,상수,Aug-22,307396
2184,6,2625,광흥창,Aug-22,238679
2185,6,2626,대흥,Aug-22,232368
2186,6,2627,공덕(6),Aug-22,473862
2187,6,2628,효창공원앞,Aug-22,171554
2188,6,2629,삼각지(6),Aug-22,170183
2189,6,2630,녹사평,Aug-22,152319
2190,6,2631,이태원,Aug-22,402029
2191,6,2632,한강진,Aug-22,288833
2192,6,2633,버티고개,Aug-22,59599
2193,6,2634,약수(6),Aug-22,98739
2194,6,2635,청구(6),Aug-22,100772
2195,6,2636,신당(6),Aug-22,227469
2196,6,2637,동묘앞(6),Aug-22,225901
2197,6,2638,창신,Aug-22,77669
2198,6,2639,보문,Aug-22,186210
2199,6,2640,안암,Aug-22,284444
2200,6,2641,고려대,Aug-22,208405
2201,6,2642,월곡,Aug-22,305819
2202,6,2643,상월곡,Aug-22,152865
2203,6,2644,돌곶이,Aug-22,238118
2204,6,2645,석계(6),Aug-22,343298
2205,6,2646,태릉입구(6),Aug-22,163930
2206,6,2647,화랑대,Aug-22,237054
2207,6,2648,봉화산,Aug-22,229361
2208,7,2711,장암,Aug-22,31730
2209,7,2712,도봉산(7),Aug-22,287148
2210,7,2713,수락산,Aug-22,353763
2211,7,2714,마들,Aug-22,333545
2212,7,2715,노원(7),Aug-22,583516
2213,7,2716,중계,Aug-22,348067
2214,7,2717,하계,Aug-22,449177
2215,7,2718,공릉,Aug-22,312192
2216,7,2719,태릉입구(7),Aug-22,221494
2217,7,2720,먹골,Aug-22,275063
2218,7,2721,중화,Aug-22,281367
2219,7,2722,상봉(7),Aug-22,443806
2220,7,2723,면목,Aug-22,396423
2221,7,2724,사가정,Aug-22,431361
2222,7,2725,용마산,Aug-22,160219
2223,7,2726,중곡,Aug-22,275881
2224,7,2727,군자(7),Aug-22,328886
2225,7,2728,어린이대공원,Aug-22,374304
2226,7,2729,건대입구(7),Aug-22,380897
2227,7,2730,뚝섬유원지,Aug-22,251438
2228,7,2731,청담,Aug-22,576200
2229,7,2732,강남구청,Aug-22,485694
2230,7,2733,학동,Aug-22,643287
2231,7,2734,논현,Aug-22,512164
2232,7,2735,반포,Aug-22,162761
2233,7,2736,고속터미널(7),Aug-22,385848
2234,7,2737,내방,Aug-22,390342
2235,7,2738,이수(7),Aug-22,417149
2236,7,2739,남성,Aug-22,285273
2237,7,2740,숭실대입구,Aug-22,322717
2238,7,2741,상도,Aug-22,285832
2239,7,2742,장승배기,Aug-22,247187
2240,7,2743,신대방삼거리,Aug-22,391199
2241,7,2744,보라매,Aug-22,207275
2242,7,2745,신풍,Aug-22,307555
2243,7,2746,대림(7),Aug-22,245685
2244,7,2747,남구로,Aug-22,429173
2245,7,2748,가산디지털단지(7),Aug-22,1083488
2246,7,2749,철산,Aug-22,582502
2247,7,2750,광명사거리,Aug-22,588556
2248,7,2751,천왕,Aug-22,289970
2249,7,2752,온수(7),Aug-22,248056
2250,8,2811,암사,Aug-22,453107
2251,8,2812,천호(8),Aug-22,472489
2252,8,2813,강동구청,Aug-22,282283
2253,8,2814,몽촌토성,Aug-22,171541
2254,8,2815,잠실(8),Aug-22,510141
2255,8,2816,석촌(8),Aug-22,245031
2256,8,2817,송파,Aug-22,234614
2257,8,2818,가락시장(8),Aug-22,226320
2258,8,2819,문정,Aug-22,569490
2259,8,2820,장지,Aug-22,448287
2260,8,2821,복정(8),Aug-22,210960
2261,8,2822,산성,Aug-22,145704
2262,8,2823,남한산성입구,Aug-22,329224
2263,8,2824,단대오거리,Aug-22,278507
2264,8,2825,신흥,Aug-22,131443
2265,8,2826,수진,Aug-22,138265
2266,8,2827,모란(8),Aug-22,109975
2267,8,2828,남위례,Aug-22,154164
2268,9,4126,언주,Aug-22,51945
2269,9,4127,선정릉,Aug-22,46445
2270,9,4128,삼성중앙,Aug-22,37681
2271,9,4129,봉은사,Aug-22,90351
2272,9,4130,종합운동장(9),Aug-22,21035
2273,9,4131,삼전,Aug-22,47780
2274,9,4132,석촌고분,Aug-22,41227
2275,9,4133,석촌(9),Aug-22,50648
2276,9,4134,송파나루,Aug-22,43206
2277,9,4135,한성백제,Aug-22,21714
2278,9,4136,올림픽공원(9),Aug-22,43495
2279,9,4137,둔촌오륜,Aug-22,9659
2280,9,4138,중앙보훈병원,Aug-22,57410
