RT ID,10세 미만,10대,20대,30대,40대,50대,60대,70세 이상
R11110T0,9586.8782,16887.6712,41371.0587,31676.0511,33153.4996,33261.9315,22631.1196,23439.7944
R11140T0,8265.5414,9575.9165,30238.8082,32899.8047,29159.7786,24573.2109,16887.9451,16664.254
R11170T0,14633.9353,17835.9268,39411.3929,51941.8766,44593.0479,36586.4075,25148.1084,24938.3766
R11200T0,21372.3052,23357.5748,53366.1011,57636.3326,52042.0988,45273.4704,32687.6216,30979.966
R11215T0,21217.3589,31155.2197,74227.8897,61985.8419,55042.4887,51696.6287,35752.0333,32004.72
R11230T0,20131.0046,27873.8075,74216.5327,52466.0185,50741.1511,47089.7809,36190.5053,39317.8701
R11260T0,24446.9331,27403.0674,49642.3451,59637.4999,56164.1447,59978.1373,46074.131,45192.1238
R11290T0,31512.7821,44589.7494,74652.221,60329.9604,67434.7046,63128.9515,44365.3682,48499.0484
R11305T0,18007.5672,24492.8101,44584.1028,40193.1696,45623.1242,48439.7232,37713.0786,44052.6081
R11320T0,18852.3134,24424.5706,33665.3134,37534.8326,41630.6694,45296.0094,37823.8176,39438.4757
R11350T0,36006.9831,59500.7739,69831.945,65437.3025,81276.5971,80570.3902,59506.5692,62146.4881
R11380T0,31171.3015,40856.4126,58928.3365,71608.4316,75296.7528,69849.897,52121.6837,55636.5134
R11410T0,20442.968,29432.6611,68770.9738,53630.3869,52789.4558,49567.1103,34146.3721,36526.2452
R11440T0,24424.6285,33760.4255,90744.9398,81757.2158,71994.5481,54099.498,34512.1069,35854.3697
R11470T0,30785.5099,49311.9943,42049.4433,51273.2262,66983.1917,58107.358,40220.3545,38752.463
R11500T0,41331.0741,43352.373,76145.1062,103149.9127,90592.636,72537.9221,58624.0242,58425.8669
R11530T0,28700.7066,28999.0745,49216.5388,67261.2861,65733.4559,58481.2612,44296.8896,40657.0856
R11545T0,10721.882,12183.0756,31215.3916,38639.8557,31693.215,31756.4716,23212.9489,19779.8649
R11560T0,25950.9977,26413.9556,62747.3726,85001.7729,69866.2477,60907.6149,42499.2618,38467.4564
R11590T0,25852.5528,31604.9861,74294.636,66346.5883,60113.6688,54123.3035,40560.0865,42695.7272
R11620T0,22561.5654,31071.8267,119468.5183,96185.2863,70601.8722,62053.2188,45773.8077,48056.194
R11650T0,40675.0195,49760.7818,58890.992,74602.3073,90665.5035,67016.1934,42419.5299,43140.9968
R11680T0,49433.2284,74918.3275,91188.7134,115091.5993,131431.088,91411.1698,55959.2501,56572.0049
R11710T0,60689.7177,69606.5895,89967.7541,126376.3871,126217.5236,106065.5986,77961.1476,68887.3994
R11740T0,41030.1014,51173.1043,60413.4454,81744.3813,89159.7716,77590.5612,62424.0194,58557.2772
R11110T1,9523.5422,16781.0846,40327.8175,30780.6243,32362.5073,32785.8268,22390.9167,23329.9487
R11140T1,8140.2343,9388.6486,28998.6559,31634.0694,28231.062,24025.8577,16593.9509,16565.9498
R11170T1,14617.1685,17669.3947,38541.8377,51184.4502,44272.7368,36383.5009,24936.9378,24888.801
R11200T1,21316.794,23295.8324,53097.5173,57474.6317,52223.9253,45325.6825,32729.688,31113.1381
R11215T1,21433.4271,31229.7178,73779.3558,62081.0041,54993.1372,51737.7537,35913.087,32177.1517
R11230T1,20092.4026,27800.6572,74767.2091,52724.4434,50758.9238,47081.9523,36171.6471,39081.5835
R11260T1,24533.5051,27523.1274,50217.7871,60049.0294,56451.0719,60139.6145,46210.1211,45243.3261
R11290T1,31345.7562,44625.3115,74877.5167,60562.8771,67624.7669,63226.6279,44458.6601,48556.957
R11305T1,18166.4578,24572.5439,44605.1532,40324.3765,45776.1652,48571.2868,37745.6743,44122.8543
R11320T1,18747.6063,24554.3268,34270.062,37858.4499,41830.423,45528.2485,37968.1941,39332.1004
R11350T1,35772.117,59287.0931,69779.2549,65696.4865,81309.7853,80538.0305,59488.2815,62058.2212
R11380T1,31222.1069,40912.7374,59618.4116,72003.9494,75641.3008,70182.6716,52345.6381,55677.8172
R11410T1,20515.7741,29437.3256,68440.548,53505.9088,52892.8969,49727.0557,34132.1677,36614.4717
R11440T1,24470.4152,33524.0729,89083.1115,80633.0392,71477.5448,53549.6221,34412.2557,35727.4802
R11470T1,30420.0347,49143.3384,42354.3811,51443.0373,67205.9122,58289.1837,40275.9004,38720.6727
R11500T1,41594.8269,43488.2716,76615.7976,103416.0015,90648.1615,72683.8128,58657.5496,58529.9571
R11530T1,28681.4696,29038.2486,49264.9641,67374.1274,65743.8156,58481.0417,44317.8602,40681.6264
R11545T1,10953.4342,12358.6894,31457.7987,38698.7359,31569.1594,31612.8581,23188.0888,19897.7242
R11560T1,26087.3191,26531.5126,61907.205,84444.1326,69456.8766,60633.829,42449.6957,38462.265
R11590T1,25911.2412,31522.3934,74631.7321,66458.7858,60231.9187,54251.7875,40585.0646,42675.5581
R11620T1,22547.7043,31079.3676,120529.0153,96841.8141,70983.2634,62260.0742,45931.4811,48069.1549
R11650T1,40786.5319,49547.1176,57740.4341,73539.6107,90113.6905,66473.6739,42255.4586,43060.1091
R11680T1,49603.2562,75057.9193,88567.7907,112308.1247,129584.5611,90649.3472,55515.5879,56752.3911
R11710T1,60458.9458,69288.4701,89334.4848,126122.0592,125812.2991,105762.6877,77653.0329,68575.4712
R11740T1,40585.0899,50901.7513,60874.139,81829.9051,88959.0827,77324.3812,62159.0548,58242.692
R11110T2,9510.882,16733.3609,39357.3026,30067.2527,32052.7186,32618.0144,22360.6092,23290.4222
R11140T2,8160.4395,9381.384,28369.4371,30943.5351,27742.746,23676.6877,16471.2992,16449.6493
R11170T2,14546.0869,17644.4198,38095.6348,50958.6424,44033.3962,36283.086,24949.7244,24797.4029
R11200T2,21254.8961,23250.3084,53138.575,57525.9055,52276.993,45312.3976,32734.333,31114.9353
R11215T2,21465.7705,31205.0608,73540.9923,62262.4461,55209.2707,51696.2868,35753.548,32155.7086
R11230T2,20095.8665,27834.6793,74912.9924,52577.409,50719.8569,47141.706,36121.1886,39061.6516
R11260T2,24538.1772,27516.6332,50523.1948,60302.7072,56623.8321,60148.7338,46357.9905,45238.4772
R11290T2,31419.611,44716.3606,75398.0217,60923.2556,67643.0157,63225.6036,44391.4112,48423.0671
R11305T2,18200.4538,24619.6828,44718.4496,40349.758,45835.3631,48687.6519,37854.6533,44088.1834
R11320T2,18681.1085,24551.6312,34784.1924,38125.4089,42094.9356,45782.4332,38013.9934,39486.9962
R11350T2,35764.3935,59269.6592,69736.1,65872.5764,81529.2122,80548.9041,59575.1806,62230.6507
R11380T2,31222.5279,41015.1246,60013.1417,72410.9236,75769.1339,70087.1719,52405.5584,55702.5594
R11410T2,20500.7913,29445.3621,68741.2418,53796.2588,53165.1001,49936.0777,34129.9754,36806.3441
R11440T2,24483.1329,33374.8143,87082.5468,79549.9863,70944.0926,53493.2068,34438.1005,35635.8856
R11470T2,30519.9781,49083.3443,42705.604,51488.2111,67389.0638,58440.6621,40155.6906,38639.1186
R11500T2,41492.7952,43497.4895,77068.6227,103796.8509,90744.7578,72693.3083,58774.8615,58631.9803
R11530T2,28751.0239,29056.0768,49466.6742,67471.6769,65713.6013,58527.8728,44288.9942,40683.6645
R11545T2,10818.168,12248.9722,31701.2177,38754.855,31458.1403,31492.795,23240.1044,19839.7538
R11560T2,26122.0815,26555.6409,61563.716,83838.4558,69109.3663,60515.1715,42388.0606,38483.149
R11590T2,25966.8858,31616.8023,74802.3632,66558.6056,60463.7719,54238.4106,40485.6047,42775.5988
R11620T2,22552.8381,31104.9656,121159.4803,97202.1739,71002.3024,62416.4691,45963.7454,48140.4234
R11650T2,40679.5937,49443.3424,56802.3631,72698.3772,89597.5521,66028.161,42236.179,42979.5865
R11680T2,50024.6422,75050.496,86980.2112,110773.6136,128527.7352,90548.7841,55719.6989,57023.9726
R11710T2,60055.1713,69032.4838,88991.1347,125494.4635,124949.4227,104841.3507,76917.2989,67990.1458
R11740T2,40781.2613,51072.6298,61350.5026,82550.0809,89993.1371,78238.7793,62665.3926,58862.5547
R11110T3,9437.817,16635.8504,39020.4073,29743.888,31917.262,32467.2908,22165.4526,23216.9971
R11140T3,7982.6646,9245.1188,28039.8589,30422.0449,27423.7971,23414.1002,16409.7426,16262.9663
R11170T3,14511.0373,17595.4292,38033.3082,50746.6516,43949.1159,36374.297,24833.6415,24815.162
R11200T3,21510.1786,23495.5293,53221.0434,57670.8658,52402.0725,45544.4969,32733.0429,31249.2349
R11215T3,21428.5468,30956.7831,73312.5838,62100.1432,55179.5139,51500.8156,35766.2198,32239.2706
R11230T3,20141.3712,27905.1603,75061.7046,52711.3605,50735.9239,47036.8887,36107.2766,39072.5028
R11260T3,24509.4498,27527.2248,50855.5722,60396.3064,56856.2728,60221.9713,46370.927,45112.7679
R11290T3,31450.3492,44805.4181,75679.0306,60977.4632,67888.4225,63254.9565,44403.1494,48427.6649
R11305T3,18225.6031,24626.5646,44754.1335,40483.633,45793.9328,48689.0128,37791.1604,44069.3283
R11320T3,18668.6158,24575.3417,35012.1765,38236.6143,42123.9577,45790.237,38045.5426,39564.731
R11350T3,35733.4196,59227.6379,69808.8222,66081.9994,81471.7773,80719.1144,59744.9588,62180.9304
R11380T3,31268.8731,41010.1277,60516.9779,72614.7103,75898.9146,70257.7361,52467.5034,55644.3561
R11410T3,20643.7055,29455.3957,68838.4669,54027.6224,53209.5718,49812.0109,34155.929,36929.0149
R11440T3,24459.6779,33192.1015,84928.0255,78817.4607,70646.0591,53413.7407,34421.4562,35631.1737
R11470T3,30485.7827,49074.6647,42930.1243,51717.9535,67532.737,58401.0302,40261.3137,38702.2547
R11500T3,41610.6936,43595.2784,77386.5765,103973.823,90635.3844,72810.4582,58774.9428,58602.1675
R11530T3,28644.1553,29053.6909,49535.3456,67339.3925,65864.7556,58569.0518,44179.0513,40692.5576
R11545T3,10742.9173,12285.98,31936.794,39028.7956,31503.7354,31627.2522,23269.0235,19855.5225
R11560T3,26077.12,26592.4906,61469.8391,83697.7737,69058.1269,60266.9465,42357.2873,38398.1715
R11590T3,26010.8266,31645.9107,75130.3769,66727.7379,60661.173,54418.5112,40531.1851,42741.9417
R11620T3,22518.2897,31065.772,121358.2469,97265.0305,71014.216,62275.0912,45934.3572,48104.7834
R11650T3,40617.9349,49363.826,56232.3937,72287.4455,89057.6734,65930.2377,41987.5161,42887.0873
R11680T3,50025.9098,75078.8885,85290.9184,109357.3713,127696.8231,90128.9076,55597.8882,56916.4098
R11710T3,60043.6363,68989.7162,88943.9492,125487.2693,124849.4596,105015.1914,76983.585,67925.2368
R11740T3,40803.7052,51093.1409,61655.4527,82777.6808,90020.0137,78219.8757,62602.0735,58923.1353
R11110T4,9461.3901,16584.2573,38702.737,29319.7017,31788.9513,32445.2035,22371.0002,23369.1671
R11140T4,7963.9489,9290.2741,28034.6017,30296.377,27410.4222,23598.9387,16835.9065,16620.3181
R11170T4,14596.6812,17781.8806,38152.456,51039.6239,44226.6856,36614.0622,25017.6411,24893.4882
R11200T4,21510.4238,23379.9579,53269.9653,57626.6711,52336.4178,45628.7898,32893.003,31430.4782
R11215T4,21432.768,31031.2732,73005.7891,62193.446,55252.0164,51698.6236,35771.9614,32105.5751
R11230T4,20125.2912,27886.0406,75186.2053,52848.3931,50812.335,47205.3859,36188.8622,39139.637
R11260T4,24567.7483,27497.2174,50986.6311,60515.1598,56834.0177,60194.3166,46115.3333,44970.1909
R11290T4,31446.7635,44915.1046,75993.3622,61305.0797,68131.3479,63358.7433,44383.4743,48435.9922
R11305T4,18160.9108,24583.7099,44586.6549,40344.8716,45570.9089,48466.2898,37470.4501,43726.5421
R11320T4,18591.684,24509.4127,35267.979,38268.3148,42031.128,45590.4605,37962.4119,39421.6377
R11350T4,35790.2882,59292.0878,69804.2936,66098.8469,81313.871,80650.2832,59467.346,62311.4766
R11380T4,31205.0537,41042.3936,60692.6648,72556.4398,75785.3013,70041.5375,52007.9144,55301.3366
R11410T4,20718.1676,29435.4176,68941.0309,54226.1864,53274.7463,49837.8094,34136.7541,36895.7678
R11440T4,24418.9821,33153.0104,83626.3396,78484.9727,70438.9825,53376.4102,34444.4646,35597.2718
R11470T4,30358.9402,48938.8253,42968.2206,51649.5961,67352.2658,58190.9737,40147.9776,38506.2465
R11500T4,41756.9278,43610.6992,77648.9729,104195.131,90729.5591,73075.6649,58708.8304,58503.8363
R11530T4,28746.148,29144.8537,49639.1489,67410.0047,65972.7822,58683.8889,44318.9472,40547.0555
R11545T4,10727.3927,12334.9307,32030.5976,39009.1295,31335.0066,31442.0479,23158.1099,19742.1398
R11560T4,26099.3059,26485.9537,61524.9397,83770.6113,69076.2947,60592.6736,42932.2948,39375.4396
R11590T4,25837.3593,31595.2135,75159.1613,66836.2614,60665.8363,54223.28,40414.5067,42687.4322
R11620T4,22481.3977,31046.1623,121551.3613,97076.2576,70821.3904,61874.8434,45630.9253,47854.6459
R11650T4,40610.1969,49282.329,55524.3311,72018.8205,89326.0801,66259.6247,42172.5721,43020.5645
R11680T4,50165.4903,75133.5776,84836.6769,108505.6529,127238.183,90150.9687,55765.6893,57153.0502
R11710T4,59903.6815,68987.9291,89005.7686,125272.1539,124577.5908,104973.3484,77029.8715,67835.8318
R11740T4,40791.3436,51012.4168,61721.3798,82912.5113,90055.9501,78204.672,62487.2177,59009.0467
R11110T5,9503.593,16711.7162,38671.6178,29247.7988,31928.0624,32969.3412,23107.1012,23738.625
R11140T5,7934.2238,9315.2587,28387.0307,30266.9466,27625.8253,24142.4262,17360.0621,17325.4493
R11170T5,14657.0428,17757.9197,38350.9735,51180.0734,44754.383,37344.546,25741.705,25287.0734
R11200T5,21434.6992,23349.1323,53533.7207,57813.0534,52503.9647,46035.3073,33195.5928,31606.5259
R11215T5,21329.6844,30918.5032,72539.2308,62070.8715,55234.9862,51483.8923,35609.6358,31943.4059
R11230T5,19934.828,27867.8703,75156.4228,52734.6746,50879.0233,47336.1295,36435.9948,39379.9383
R11260T5,24662.2281,27494.1168,50864.2783,60154.6526,56340.5641,59429.8698,45058.4982,44406.2231
R11290T5,31457.0311,44993.9096,76164.5416,61309.7099,67954.4498,62866.6072,43925.5239,48141.5709
R11305T5,18085.5079,24435.3,44295.3584,40067.8151,45263.752,47539.2426,36776.1724,43258.2379
R11320T5,18654.4203,24524.8737,35340.235,38216.2129,41791.5815,45174.3312,37457.0326,39224.0054
R11350T5,35833.0391,59288.7971,69696.1264,65855.2226,80797.9814,79777.307,58702.8431,61997.8812
R11380T5,31173.5682,41093.8157,60698.8907,72294.6654,75247.4553,69116.3016,51323.2207,54949.7621
R11410T5,20550.6778,29427.6294,68953.7693,54120.8353,52865.7292,49807.7921,33872.72,36456.4424
R11440T5,24528.4985,32760.6123,81727.9497,78041.4058,70573.6039,54006.7397,34784.6424,35712.8561
R11470T5,30547.8646,48995.8288,42948.3305,51486.473,66970.2739,57456.2816,39694.0177,38437.8147
R11500T5,41608.6431,43655.5782,78124.8103,104359.7617,90962.8125,73637.4149,58712.6448,58462.8693
R11530T5,28586.74,29193.173,49708.7587,66699.6479,64485.5065,56787.6774,43372.3866,40200.8556
R11545T5,10710.8291,12319.8479,32222.5196,38877.3461,31009.3667,30679.6822,22787.5125,19556.9853
R11560T5,26086.5471,26579.9863,61641.7193,83030.7547,68536.0105,59458.4629,43425.7171,40159.482
R11590T5,25873.7337,31700.0603,75419.622,66880.6187,60508.3696,54199.8798,40419.845,42512.4219
R11620T5,22386.3541,30962.4664,121246.048,96670.5959,70373.3437,60838.8083,44840.2292,47587.664
R11650T5,40686.264,49258.9505,55818.1148,72770.8379,90168.8684,68082.8492,43995.3744,43985.8057
R11680T5,50152.7692,75198.6844,84299.7579,108569.6996,126950.8238,91232.5023,57306.2557,58051.9456
R11710T5,60052.1662,69045.8507,89311.0814,125289.8925,124561.2172,105147.9485,77409.3979,68245.1714
R11740T5,40842.8875,51015.4163,61648.1412,82805.4864,90174.8326,78141.8725,62526.4212,58959.6459
R11110T6,9501.4055,16962.1241,39134.6124,29805.8761,32809.8559,33765.2326,24011.5469,24511.3882
R11140T6,7998.786,9428.1477,28960.1386,30913.1045,28718.073,25934.1897,19053.6258,18268.0613
R11170T6,14720.314,18016.5004,38769.994,51529.4656,45116.4444,38276.9644,26485.1489,25946.4987
R11200T6,21585.574,23598.5563,53880.7368,58003.8786,52511.8015,46186.3198,33346.0426,31871.8984
R11215T6,21278.9792,30919.0532,72043.3713,61771.8433,54851.2575,50910.2068,35259.884,32019.146
R11230T6,19819.0443,27741.1588,74975.059,52580.4112,51209.7425,47543.0126,36591.5363,39575.5526
R11260T6,24597.2996,27668.0442,50572.5305,59385.7092,55286.1632,57853.4298,43896.9303,43782.1571
R11290T6,31155.7625,44807.0761,75809.8144,60826.8365,67335.4956,61958.9792,43118.344,47406.6643
R11305T6,17945.4364,24340.6238,43864.6378,39753.5551,44286.7127,46120.3878,35694.2149,42570.54
R11320T6,18494.0399,24456.6121,35108.1075,37845.0686,41264.765,44285.6584,36884.1567,39079.3561
R11350T6,35661.5978,59043.7895,69396.6676,65284.32,79633.1712,78232.1773,57444.1295,61237.6013
R11380T6,31006.7789,40794.4083,60435.5345,71545.8872,74296.5893,67908.2549,50148.1278,54145.5478
R11410T6,20442.8603,29615.7343,68768.7888,53923.5484,52677.5746,48967.709,33507.3063,36516.6644
R11440T6,24559.6991,32522.7041,79929.6903,77729.8827,70176.9748,53791.1362,34884.4223,35914.3614
R11470T6,30506.9899,48735.1947,43026.7029,51246.8958,66075.5509,56450.8383,38719.2893,38263.0629
R11500T6,41514.393,43523.9742,78195.6444,103868.0498,90492.1123,73135.1654,58147.1946,57853.0263
R11530T6,28389.9581,28951.8564,49480.8968,66008.1813,63492.649,55179.7168,42116.3621,39776.7024
R11545T6,10694.5874,12442.5624,32273.1029,38802.5741,30979,30620.8948,22734.1836,19479.4908
R11560T6,26152.776,26896.1734,61786.1462,82768.0135,68372.3897,58844.8551,42961.2262,39378.396
R11590T6,25796.359,31638.7836,75642.6026,66405.7501,59965.4202,53280.5728,39981.0036,42547.3507
R11620T6,22299.3235,30855.933,120188.7364,95670.9614,69312.8704,59411.1709,43704.7235,46667.7616
R11650T6,40674.3343,49515.3152,56314.8536,73994.9396,92014.2392,71388.0656,46824.4465,45503.8988
R11680T6,50246.9626,75329.0005,85707.159,110452.8176,128184.9298,94361.7632,60131.0936,59618.0934
R11710T6,59890.1329,68924.9423,89452.3195,125330.0598,124098.5369,104400.2336,77369.3402,68574.3621
R11740T6,40810.4029,51019.3435,61465.7468,82206.4306,89313.3447,77246.4633,61629.8621,58333.7603
R11110T7,9505.4325,19865.8329,40288.3987,30892.7197,35486.0943,36382.1317,24960.5375,25230.8769
R11140T7,8166.3012,9567.9747,30631.7431,32279.3884,30368.6611,27704.3276,20202.251,18966.7594
R11170T7,14880.9442,18808.3491,40067.4991,52811.065,46360.2002,38857.2312,26632.4541,25482.8163
R11200T7,21787.2863,24017.9792,54281.7885,57996.8383,52541.8683,46292.9539,33337.0603,31629.2126
R11215T7,21317.3176,32148.4612,71624.2874,61416.6376,55099.2149,50473.097,34736.1686,31888.3899
R11230T7,19711.1192,28587.471,74914.8479,52414.2568,51563.3013,48064.7331,36448.7886,39379.2134
R11260T7,24318.3411,27344.0507,49907.8826,58650.4748,54562.088,56771.235,43168.1149,43454.9772
R11290T7,31284.7008,44903.6664,75492.1755,60148.5624,66720.2541,61292.5799,42495.8483,47069.4039
R11305T7,17797.0612,24040.8591,43117.1561,39174.5316,43163.3355,45371.5233,35006.5195,42166.1703
R11320T7,18609.1506,24336.1897,34987.5104,37625.868,40882.7286,43626.7136,36318.62,38730.5984
R11350T7,35347.8553,59687.0381,68995.4763,64192.5991,78849.5191,77294.4826,56486.3156,60614.7093
R11380T7,30833.7913,40235.2028,59566.0546,70696.2508,73174.6459,66028.198,49128.2908,53735.0852
R11410T7,20251.5318,29425.4846,68672.8701,53559.8915,52193.2284,48222.6764,33194.5979,36216.0201
R11440T7,24364.2065,32403.7742,79642.8124,77810.9231,70181.6233,53751.6967,34807.089,35891.6192
R11470T7,30264.5223,48133.2394,42795.2627,50895.6613,64793.7561,55022.8874,38205.8222,37719.5882
R11500T7,41614.8851,43305.4813,77754.9379,103380.9998,89770.3978,72303.3183,57275.5415,57427.0517
R11530T7,28197.5859,28785.3487,49508.957,65605.2834,62974.6255,54421.3089,41371.5497,39396.5109
R11545T7,10681.8696,12332.5606,32039.3133,38370.7632,31051.2301,30498.3192,22697.7189,19407.8974
R11560T7,26209.0793,26827.9899,62319.2182,83428.8072,68935.5719,59455.0034,42557.0456,39073.4542
R11590T7,25679.6267,31759.902,75537.9189,66167.3811,59879.7443,52213.5931,39198.3368,42145.2762
R11620T7,22304.9361,30670.4621,118585.0433,94233.1123,68169.8524,58192.4446,42993.2474,46297.3775
R11650T7,40806.5642,49446.8228,58367.5009,75797.2587,93070.0827,72850.2821,47483.5242,45406.7793
R11680T7,50094.2671,75303.5462,88293.1384,113140.0922,130016.3893,96252.2895,61449.2602,59869.6777
R11710T7,59633.5412,68535.8199,90817.9497,125000.0089,123101.8469,103269.4956,76375.8907,68520.8833
R11740T7,40525.694,50480.1207,60780.5877,81312.2585,87524.1036,74983.7482,59979.7737,57740.4602
R11110T8,9734.0452,20847.0344,41737.6334,32881.5725,37405.0567,38463.1119,26854.787,26428.8843
R11140T8,8745.6585,10057.1686,33445.2373,35407.0736,33908.8271,31063.4432,21991.3369,20290.9145
R11170T8,14945.6792,19592.1925,40891.0339,53523.7103,47287.0235,39521.6499,26684.1576,25985.7362
R11200T8,21931.8708,24354.0819,55597.7561,58838.089,53491.4922,46382.1756,33523.5747,31487.8719
R11215T8,21569.1379,33278.8158,70891.5388,60987.1221,54945.1425,50178.3087,34092.9462,31544.3737
R11230T8,19542.4236,28580.5096,74041.8643,52149.8479,51851.0293,48497.2419,37078.7644,39882.2152
R11260T8,24196.2775,26706.8333,49145.5703,57279.4776,53707.7436,55633.7553,42537.4512,43288.4795
R11290T8,30631.2445,44154.9663,75562.2669,59588.5711,65990.3825,60283.962,41891.9962,46552.4102
R11305T8,18142.8423,23827.2264,41975.7684,38527.3698,42463.1202,44901.9592,34393.0941,41836.605
R11320T8,18515.7118,23865.9601,34364.4761,36810.8341,40531.9984,42847.9212,35887.6436,38382.3483
R11350T8,34794.771,59671.0403,68557.5553,63451.4015,77489.8069,75519.833,55589.0289,60170.2071
R11380T8,30401.1658,39571.984,58566.636,69008.1469,71303.2152,64478.7119,48386.1934,53146.0381
R11410T8,20144.5977,29428.9485,68988.3243,54292.2391,52610.5459,48078.4935,32815.6065,36077.8285
R11440T8,24651.1891,33010.7335,80140.8026,78667.7891,70714.0341,54135.2405,34796.5981,36297.6017
R11470T8,30134.6131,47660.4547,42656.6737,50720.5581,63569.8533,53537.2214,37775.2941,37266.4821
R11500T8,41251.6351,42972.2554,76606.5537,101824.0812,88754.8004,71382.6635,56194.7081,56712.577
R11530T8,28730.5113,29100.3239,49815.9617,65532.344,62845.5083,53650.8007,40888.9116,39305.3923
R11545T8,11060.7214,12576.3222,31463.9872,38091.66,31144.8062,30991.285,22775.5456,19480.2486
R11560T8,25965.6855,26999.6176,64154.8151,83933.7001,70614.6309,60833.5199,43207.4899,39158.62
R11590T8,25935.9792,32629.065,76523.2125,65689.0184,59760.0237,51771.0192,38421.3817,41690.9741
R11620T8,22016.2466,30301.2778,114983.2452,91748.9767,67325.0337,57266.7118,42210.5637,45832.4021
R11650T8,41297.0149,50421.2525,63417.5599,80514.6486,95214.3721,74585.3764,49012.73,46208.1522
R11680T8,50659.3878,78684.2334,95427.8675,119462.5287,133680.3942,98874.252,63266.1926,60433.1302
R11710T8,60227.0294,68443.2215,91817.418,125208.425,122445.1582,101415.5834,75545.7934,67927.0901
R11740T8,40136.5869,49621.549,59866.9799,79990.3016,85943.5447,73219.7919,58513.8639,57001.2444
R11110T9,10842.6994,22347.8808,44453.9881,35867.2574,40855.3924,42011.9683,29692.7764,29106.6936
R11140T9,9876.6247,11000.1418,36462.7189,38635.5876,37392.8365,34685.4277,24850.8791,22294.347
R11170T9,15613.9675,20467.4119,43735.6306,54907.6481,48539.2394,40218.5499,27462.1494,26588.0226
R11200T9,22377.1591,24660.5091,56580.9332,59124.1514,53652.0079,46344.4459,33419.2374,31691.3228
R11215T9,21932.9939,33428.5561,69572.42,60286.7649,54517.5162,49486.5829,34046.304,31398.3475
R11230T9,19187.8954,28354.8096,72865.064,51114.5321,51539.7961,48223.2923,37012.2747,40923.3269
R11260T9,23759.9891,26443.2519,47463.8385,55310.1712,52463.5871,54792.9811,41767.2239,42370.1087
R11290T9,30567.8088,43797.6156,74575.6162,58677.7549,64027.4232,58848.0739,40863.0347,45614.6613
R11305T9,18083.965,23383.8837,40807.1484,37343.0124,42062.2865,44618.0462,33898.8433,41130.9078
R11320T9,18220.5188,23383.2704,33104.6289,36052.9028,39461.6562,41693.8551,35322.3519,38573.4304
R11350T9,34757.1295,59876.0459,67870.8888,62582.6742,76825.7101,73946.9794,54331.3733,59429.7186
R11380T9,30027.5225,38969.3644,56576.2783,66636.6007,69648.049,63195.6317,47658.8541,52444.8586
R11410T9,20442.2773,29603.071,69444.0499,54481.7152,52831.8603,47663.2564,32297.7171,35874.9349
R11440T9,25069.5497,34277.3221,82259.9391,79928.1116,71582.7102,54841.7612,35051.6844,36311.3597
R11470T9,30502.4495,48751.4977,42392.462,50896.1683,63194.0873,52604.8576,36876.3009,37094.4633
R11500T9,40813.5875,42355.5553,75293.4335,100474.0615,87855.3165,70820.5449,55579.3024,55930.6788
R11530T9,27318.4622,28105.2052,48883.9488,64384.6815,61840.2977,52965.9841,40399.2334,38877.155
R11545T9,11094.7171,12420.0467,30907.5102,37718.6693,31442.3405,31190.2812,22579.7721,19418.951
R11560T9,26067.191,27221.0698,65648.4399,84828.7783,71627.3989,62268.7759,43965.5114,40189.9222
R11590T9,25137.0129,32103.3429,75536.1528,63982.8629,58297.3689,50571.2323,37419.454,40905.8331
R11620T9,22028.8708,29900.8033,110383.1061,89109.7473,66345.4297,56262.0586,42010.4951,45286.9214
R11650T9,42369.7479,52409.4735,71036.2164,87435.5183,99690.9617,78459.3775,51582.1583,47907.7546
R11680T9,50524.7602,84051.3809,107103.5048,130576.0863,139790.3904,102368.1706,65311.5969,60730.4095
R11710T9,62091.1673,70519.9635,93079.8859,125417.3889,122569.752,100373.6539,74742.5429,67552.6132
R11740T9,39389.3102,48959.4862,58509.9947,77848.5898,83900.5495,71848.2887,57386.4367,56045.5857
R11110T10,12056.6292,24691.5326,48125.0946,39364.0094,44914.6794,46608.4336,33189.2663,32086.4651
R11140T10,11516.8796,12253.6938,39650.1972,42532.7342,40950.7559,38162.7575,27535.0273,25354.1661
R11170T10,15568.226,20643.4373,45125.657,55701.7644,48967.844,40194.6791,27776.1885,27168.2546
R11200T10,22128.454,24785.2771,57717.4516,59137.4806,53895.4797,45915.3813,32865.8857,31770.0523
R11215T10,22434.7375,33978.312,68946.8625,60133.8927,55202.696,49694.8486,33889.2019,31687.4549
R11230T10,19114.3564,27964.0278,71642.6601,50014.6355,50899.7141,48518.9522,37416.4485,41717.3404
R11260T10,23634.9995,26260.8127,45849.5219,52954.0482,51429.6871,53417.9626,41130.6426,41789.4208
R11290T10,30274.6863,43098.7574,73066.1269,57281.7684,62810.3233,57468.2973,39952.3725,44471.5291
R11305T10,17811.5408,23081.2852,39790.5438,36430.2961,41674.6968,43991.4946,33145.6951,40664.8384
R11320T10,17886.6882,22980.7584,32448.9142,35050.0133,38873.3604,41307.4216,34834.3722,38803.3234
R11350T10,34476.2307,59788.3284,66791.2287,61601.2306,76087.3082,72245.8314,53128.2306,58541.1362
R11380T10,29466.8344,38237.2171,55014.6579,64067.0429,67781.2587,61343.0714,46504.4326,51689.2712
R11410T10,19843.4224,29696.3695,69634.5775,54492.2208,52208.2551,47488.6343,31790.2193,36062.1247
R11440T10,25880.9909,36888.6865,85709.6971,82039.4317,72656.7195,55735.5868,35833.4483,36348.8709
R11470T10,30452.6901,48889.3312,41984.0527,50477.8794,62333.8978,51634.8209,36122.4077,36602.28
R11500T10,40616.2714,42256.75,74420.6114,98971.0548,87514.1308,70475.5629,54707.2026,55347.977
R11530T10,27372.9799,28180.7354,49022.6922,64217.3562,61831.8606,53546.3527,40347.8274,39136.4041
R11545T10,11106.9628,12340.5527,30197.1457,37333.274,31741.8494,31230.7077,22464.531,19302.3078
R11560T10,26589.7877,27764.7942,68344.9011,87684.8099,73387.0863,64350.9755,45689.6205,41064.9804
R11590T10,25157.769,31865.3096,74296.108,61790.5439,56519.5432,48641.5415,36076.126,40367.4158
R11620T10,21741.9297,29511.044,106572.8919,86653.7183,65495.7202,55412.5511,41663.4034,44789.0578
R11650T10,43037.5319,54269.0152,76998.6394,93376.95,102852.2003,81020.9181,53333.2267,49052.6626
R11680T10,51536.805,87805.2612,114963.1286,140242.6766,143444.2332,105260.7855,67620.0457,61298.0827
R11710T10,62399.3763,71249.9411,95045.7559,125980.135,123104.8506,100052.4093,74031.5527,67028.6208
R11740T10,38983.9568,48477.4966,57344.7341,75147.597,82089.3446,70265.7085,56133.208,55231.5586
R11110T11,13090.7525,26455.5406,52761.2773,43508.4295,48809.6005,50763.968,36807.6382,36845.5538
R11140T11,13307.4485,13586.975,42738.2925,47405.4934,44678.0982,42316.6056,31613.1688,29090.5089
R11170T11,15845.1072,21894.6874,48447.1068,57438.5419,50197.1398,40880.958,27480.2939,27088.2315
R11200T11,21750.5129,25279.7945,59982.0321,59197.6313,53511.0763,45580.3839,32581.1109,31230.4024
R11215T11,22998.179,33720.1369,68575.7529,59965.9861,55406.7844,49675.9378,34197.5991,31849.1236
R11230T11,19112.1349,27218.097,69970.3888,48788.7227,50285.4343,48016.1444,37346.0549,42833.5401
R11260T11,23535.8793,26234.2211,44945.4733,51483.5091,50581.7727,52525.0174,40366.6882,41324.8613
R11290T11,29820.2666,42747.5105,71273.1376,55441.0907,61816.443,56823.6534,39269.9155,43792.6613
R11305T11,17769.6395,22980.0914,38667.881,35871.8723,41140.7185,43313.7818,32967.9081,39940.9073
R11320T11,17607.3596,22575.897,31915.6588,33883.257,38644.8776,40815.363,34529.0462,38939.6895
R11350T11,34652.3704,58717.005,65648.463,60464.693,74521.5803,70424.5167,51659.4768,57611.2503
R11380T11,28987.8561,37597.8981,53152.3596,61612.3194,66155.1794,59796.2255,45656.3398,50762.7025
R11410T11,19808.8159,29923.9181,69203.8443,53800.271,51809.7446,47113.0273,31421.5515,35510.3638
R11440T11,26502.6063,40597.6938,90905.3955,85099.1623,74312.4064,57375.1037,35913.9839,36579.7483
R11470T11,30427.6394,48751.6538,41334.2515,49955.2114,61666.1412,50593.4497,35677.2823,36290.681
R11500T11,40656.8589,42158.7673,73909.7723,97674.3226,87367.3965,70283.4815,54035.2859,54868.9659
R11530T11,27430.1456,28009.5696,48965.3485,63094.8093,61090.898,53348.0054,40399.2261,38925.1689
R11545T11,11113.6717,12413.9352,29267.0768,36564.8303,31997.8288,30900.033,22034.7351,18952.9057
R11560T11,26975.2416,28823.8836,70896.7578,90617.249,75071.4583,66696.7544,47065.1805,42425.4888
R11590T11,24728.4978,31433.2303,72620.5816,59919.2849,55079.6936,47583.688,35196.5473,39212.2634
R11620T11,22200.047,29513.5172,103477.9437,84083.0901,64700.0948,55140.9083,40939.0661,44858.871
R11650T11,43007.011,55500.2936,81155.0382,96474.3576,103763.3858,81536.934,54550.3223,49408.2547
R11680T11,52111.7867,90689.2126,121422.2615,147410.4658,146878.1383,107561.8571,69305.3612,61661.8918
R11710T11,63079.2978,72433.6529,96757.0436,126230.0999,123702.3974,99561.7796,73784.4525,66420.6623
R11740T11,38048.2203,47750.7399,56387.5329,73345.6436,80979.4505,69016.3392,55361.3187,54868.8008
R11110T12,14065.0928,27058.9378,58775.0921,48161.6608,51692.3064,53198.8244,40202.385,41029.3267
R11140T12,12878.8859,14065.7547,46942.213,51363.2287,47493.5645,44950.9658,34488.9573,31863.3488
R11170T12,15888.7792,22165.2805,52132.2429,59878.8455,51065.1585,41388.0789,27178.7862,26571.0575
R11200T12,21824.1656,26414.0152,62746.0779,60404.2836,53630.6258,45798.6205,32174.3101,31214.2971
R11215T12,23272.0958,37014.3795,68841.0247,60176.5583,56443.1353,50746.88,34385.1004,31327.7238
R11230T12,18989.2853,27038.5789,68228.5479,47470.7694,50063.6181,48489.7572,37437.2682,43469.3063
R11260T12,23234.3928,25550.2838,43626.1666,50197.6419,49727.6734,51527.6955,40016.0743,41252.1443
R11290T12,29953.8276,42167.1342,68872.4696,54437.8145,61122.0011,55948.7238,38489.5139,43755.7043
R11305T12,17589.7909,22589.8994,37798.973,35512.1601,41517.4117,43175.2415,32881.9678,39713.0549
R11320T12,17110.0894,21692.6416,30637.6424,33087.4358,37673.8848,39906.5228,34188.6935,38257.3706
R11350T12,34867.3992,58758.9584,64462.3108,59025.0418,73866.1375,69766.9365,50879.2371,57019.8985
R11380T12,28360.9319,36877.567,51242.2889,59691.1024,64852.4174,58956.1443,44568.1081,50184.6303
R11410T12,19927.8556,30126.1492,69218.4182,53365.0373,51322.3858,46972.1261,31476.1323,35140.5435
R11440T12,27664.397,43587.3077,97401.1589,87720.9974,74751.8871,57469.1103,35579.9266,36596.3007
R11470T12,30538.0805,49031.8235,40485.2245,49092.1381,61518.6328,50133.9587,35138.6804,35772.573
R11500T12,40138.365,41809.88,72934.3657,95737.1255,86706.0445,70048.4369,53196.6938,53910.8979
R11530T12,27330.9971,27650.0124,47990.0466,62187.55,60220.2565,53166.7064,40074.0571,38450.5398
R11545T12,11085.7891,12485.2849,28857.6706,35709.3829,32009.6317,31187.7796,22019.9538,18739.3964
R11560T12,27734.3696,30198.8721,74148.2634,92896.2027,76659.379,67818.6502,48741.3041,43244.2949
R11590T12,24689.4339,30136.5124,71107.6002,58439.0857,54138.3073,46675.1094,34681.6584,39089.4124
R11620T12,21971.7497,29094.9301,100226.615,82512.9262,63650.6978,54644.5179,40721.325,44727.8841
R11650T12,42924.9928,56699.7299,84447.4721,98960.4791,104323.9635,82013.5648,54351.5481,49919.1868
R11680T12,52682.6177,94365.729,127251.547,152045.5368,149431.2626,108824.5026,69561.7982,61410.5955
R11710T12,64569.9367,73034.8722,98688.4182,126720.5977,124293.4093,100107.44,73584.3877,65953.1021
R11740T12,37574.8304,47050.9237,55315.8572,71942.3141,80060.9229,68546.1559,55194.9018,54593.6511
R11110T13,15331.2275,28502.7456,65620.904,52446.1979,54297.3556,55506.5583,42107.378,43070.7718
R11140T13,13277.5936,15177.6883,50281.3926,54597.4349,49523.593,46976.2316,35727.8972,33132.8495
R11170T13,16464.5667,22499.3292,54877.7061,61766.4187,52145.5967,42131.7648,27408.3708,26446.2807
R11200T13,21777.016,26295.2739,64768.3745,60968.9535,53543.3431,45233.4355,32189.7096,31152.7622
R11215T13,23582.6499,38073.9889,68856.0958,60434.806,56829.5958,51513.7536,34928.9535,31819.6889
R11230T13,18859.0548,28148.097,66999.8154,46522.1323,49431.4542,49071.5147,37778.6467,44275.9838
R11260T13,22962.8028,24974.3624,42177.7389,49113.6993,49524.5381,51195.0421,39989.5544,40934.4703
R11290T13,29281.2921,41436.1495,67511.3779,53650.4491,60917.5219,55569.5769,38360.5956,43418.3785
R11305T13,17799.5321,22333.4968,36845.5634,34733.5135,41361.3433,43091.0649,32862.2267,39459.1545
R11320T13,17208.0176,21528.5729,29508.2585,32604.5677,37693.7683,39449.322,33979.7801,38332.6927
R11350T13,34536.6554,58736.4785,63375.9061,57899.6049,73000.4236,69172.246,50534.088,56271.6203
R11380T13,28021.0193,36319.3213,49169.5411,58256.2451,63796.0731,58055.4481,44238.0463,50044.9818
R11410T13,20148.7871,29682.784,69384.3568,53337.209,50822.6871,46161.3754,31268.2704,34967.5478
R11440T13,27419.4178,45613.2906,103021.3043,89086.3255,75274.0395,57006.2338,35495.6945,36639.7875
R11470T13,30391.5788,49105.5056,39520.3643,47996.9451,60782.7544,49524.0582,34872.688,35322.3817
R11500T13,39256.737,41356.9882,71304.4832,93797.8798,85566.5398,69395.0127,52804.848,53631.9535
R11530T13,27472.7397,27451.9596,46905.7913,61185.3461,60169.3011,53379.1568,40122.8266,38754.7239
R11545T13,11163.3899,12194.0162,27937.2647,35098.7081,32057.3521,30957.0338,21971.1329,18747.1438
R11560T13,28628.6577,30832.8501,76592.5192,94084.6467,76342.3238,68392.0593,49060.2032,43353.6532
R11590T13,24465.15,29821.8393,69405.5699,57567.8715,53700.9886,46508.4022,34774.1302,39195.3966
R11620T13,22013.9307,28792.6541,96758.5161,80326.3746,62853.2138,54093.1054,40158.2973,44176.4075
R11650T13,43122.7352,55990.7295,86631.5235,100474.5295,103831.8839,82737.703,55088.6106,50145.7422
R11680T13,53140.8439,96581.2516,131628.4313,154489.8387,149676.3607,108631.9775,69665.0375,61877.2176
R11710T13,65363.0459,73868.9992,100526.7091,127687.8313,125299.7975,101317.1193,74065.8468,66099.646
R11740T13,37285.7191,46301.8732,53835.0997,70823.1802,79275.1035,67887.8476,54665.8942,54108.912
R11110T14,15837.2178,29635.5437,71796.4337,55851.0134,56177.3473,56632.728,42446.0505,42506.2787
R11140T14,13785.6802,15649.6611,52521.0728,56110.8586,50486.5103,47491.2139,36201.0954,33384.2553
R11170T14,16280.3642,22522.2019,55914.1922,61785.2362,51953.418,41246.7652,27263.9746,26800.5541
R11200T14,22178.2287,26578.9323,66523.6085,61184.0036,53592.532,45379.7576,32376.8152,31069.0802
R11215T14,23872.2404,38718.6403,68714.8751,60332.1173,57553.9112,51694.129,34902.1975,31936.2132
R11230T14,18622.3682,27877.8441,65234.1852,46410.2175,49324.7444,49063.583,38121.7624,44635.1404
R11260T14,22494.1289,24530.9029,41017.6501,48124.9096,49302.7316,50943.8575,40264.5484,41153.6649
R11290T14,29220.8894,41011.8926,66034.8568,52485.6637,60334.2491,54796.3422,38131.7682,43391.7524
R11305T14,17704.072,22130.9558,36327.0928,34399.4627,40842.3471,42992.7616,32908.1796,39055.8022
R11320T14,17259.2985,21254.0474,28811.4607,32265.213,37267.3273,40024.785,34284.0024,38972.758
R11350T14,34693.9489,59055.7827,62400.9868,57401.4421,73050.7758,69490.2919,50839.8112,56842.4493
R11380T14,28253.2192,36424.271,48155.7912,57705.549,63228.0307,58178.2837,44371.2859,50216.7303
R11410T14,19786.3589,29139.7589,69760.4171,52937.7355,50622.7698,45878.6865,30983.7082,34597.6497
R11440T14,27981.7104,47618.6968,107634.0477,90023.841,75694.379,57261.8448,35237.9649,36266.1919
R11470T14,29733.783,48684.056,38139.1704,46986.2784,60210.4836,49648.7116,34849.5281,35557.0603
R11500T14,39864.3671,41455.5683,70154.7588,92417.527,85408.173,69300.6615,52574.6462,53826.157
R11530T14,28012.8767,27384.4023,46449.6295,60867.8071,60455.328,53770.7271,40959.5143,38872.1836
R11545T14,10982.5365,12016.6111,28042.7487,35265.2583,32241.432,31328.4943,22596.8334,19189.85
R11560T14,29188.3901,31973.2706,80056.5373,95525.7399,76964.0136,68647.5364,49358.8311,44024.1487
R11590T14,24148.4364,29667.921,67452.8767,56972.5324,52887.043,46209.158,34584.0986,38983.6365
R11620T14,21713.3186,28464.2327,94599.0268,78997.958,61858.0714,53893.8631,40249.7356,44002.8011
R11650T14,42595.2344,55611.5836,86268.0272,99355.3834,103896.1987,82252.7874,55077.825,49890.7415
R11680T14,52765.6875,97216.0149,133898.7751,154938.0671,148968.4283,108458.1117,68185.1212,61593.3308
R11710T14,65688.2207,73948.1976,101605.9535,129042.7659,125772.7023,101727.8544,74559.5115,66254.7803
R11740T14,37164.1825,46004.1793,52660.7242,69508.2974,78802.8645,67867.9155,54723.4779,54174.0866
R11110T15,15728.4527,27388.2616,76114.9815,57607.2912,55245.7498,54536.3394,40568.0077,40394.8821
R11140T15,13606.8784,16063.0647,54812.3221,57232.3743,51005.1901,47725.227,35841.308,31673.5381
R11170T15,16809.1209,23362.9564,58618.3873,62630.5501,52990.3825,42093.5718,27705.8837,27408.1263
R11200T15,22523.4829,26426.4253,67884.8389,62080.2522,54049.2294,46371.0094,32785.2867,31157.9462
R11215T15,23859.967,40774.1902,69611.2032,60003.0528,58472.5458,52435.797,34717.0652,32116.1732
R11230T15,18738.8813,27970.6849,63755.345,45947.4056,48664.4991,48127.5702,38221.3146,44030.9321
R11260T15,22231.3944,24431.191,40262.5222,47883.4548,49827.821,52048.876,40725.3383,41429.5067
R11290T15,28943.4283,40725.2074,64699.0884,52455.9819,60169.6681,55022.3067,38667.8866,44284.3304
R11305T15,17933.1676,22170.4599,35972.2628,34250.4504,40812.3612,43002.88,33251.3433,39282.8985
R11320T15,16973.7404,21121.45,27817.7996,31779.3471,37456.621,40197.9762,34609.3065,39006.6395
R11350T15,34675.0533,58329.7307,61696.4385,57327.3887,72809.3666,70060.3668,51479.5403,57174.455
R11380T15,28436.6137,36365.3369,46980.0245,56987.8878,63679.905,58738.442,44910.8958,50641.0925
R11410T15,19612.1884,29013.9518,69803.5246,52806.5909,50087.2989,45672.2098,31476.6384,35042.2286
R11440T15,27867.1419,47755.096,111968.7908,90647.7455,75249.8151,57121.1278,35151.4281,36249.8354
R11470T15,29707.3382,48165.0885,37228.7263,46170.6178,60578.336,50342.8527,35118.6848,35707.9745
R11500T15,39946.368,41383.2891,68835.7359,91267.7036,85232.4749,69276.8421,52841.4956,54298.2946
R11530T15,27823.9242,27458.4781,45293.9473,60471.0094,60677.8872,53994.7314,41781.6499,39408.6421
R11545T15,11296.294,12223.0183,27136.902,35265.7747,31986.29,31346.1093,22559.3904,19135.3216
R11560T15,29870.3935,33050.2198,82315.5988,97011.8026,77537.0301,68918.5694,49393.9094,44283.4875
R11590T15,24331.5273,29562.4578,66407.2471,57119.2993,52678.0614,46983.0929,35374.0927,39177.5039
R11620T15,21548.1344,28176.5725,93294.1388,78019.7741,61482.7852,53941.048,40532.6315,44612.9521
R11650T15,42411.4508,55467.3093,84810.8822,98617.5226,103119.0178,81904.8489,54240.693,48379.5953
R11680T15,52134.5633,98680.0521,134056.3724,152011.6206,147907.0376,107408.2838,67246.0255,60991.3908
R11710T15,65269.2262,74449.1856,103765.3472,129909.4669,126485.9419,103330.3218,75121.6007,66646.0054
R11740T15,36833.1979,45419.9755,51958.4668,68874.2844,78382.3576,68590.147,55553.6846,54513.305
R11110T16,15119.9951,26162.0871,77408.6396,56951.4258,52688.3472,51879.2599,37785.7005,36429.28
R11140T16,14386.5737,16725.4733,56850.6353,57664.5584,51323.334,48374.7925,34290.3469,28637.7989
R11170T16,16462.3872,22257.6643,59580.0994,63750.7756,52212.1273,41549.3899,28051.9903,28156.7967
R11200T16,22134.4842,26936.357,68953.7113,63072.46,54555.8684,47126.9432,33323.1907,31810.0598
R11215T16,23452.8463,38795.6366,70916.2044,60118.2239,58090.9298,52815.4022,35629.4275,32174.8214
R11230T16,18742.7715,27874.4832,62651.5971,45980.9583,48590.1073,47908.806,38035.4521,42676.1885
R11260T16,23246.8459,24701.4806,40144.1693,48329.9685,50919.7539,53497.467,42002.936,42261.4606
R11290T16,29432.8105,40813.1102,64011.5196,52163.2711,60399.6604,55322.1895,39221.794,45372.2687
R11305T16,17473.9462,22000.2983,36085.6811,34282.0058,40934.9008,43314.9827,33734.9777,39702.0643
R11320T16,17395.1076,21226.1264,27770.8085,32143.8704,37675.1574,41047.0955,35116.0316,39686.8674
R11350T16,34515.566,57689.3911,61053.5663,57234.1848,73265.2861,70781.2777,52073.9471,58252.9893
R11380T16,28517.2213,36369.9166,46735.4673,57256.8838,64126.343,59417.7219,45386.7885,51398.8949
R11410T16,19576.726,28718.4944,68546.6036,51699.6799,49923.6777,45361.3655,31654.1606,35385.9411
R11440T16,27973.1401,48359.9835,116468.0264,92426.7532,75670.2433,57540.4373,35403.5379,36420.4547
R11470T16,29633.3098,47957.8303,36318.8509,45734.8841,60620.0174,50727.7538,35876.6932,36151.3025
R11500T16,39792.5645,40917.3167,67427.7115,90349.7862,85395.4361,69257.2104,53389.9326,54809.2078
R11530T16,27687.4756,27079.4755,44930.1862,60347.6238,61626.015,55709.6002,42686.277,39740.8741
R11545T16,11611.2295,12342.5798,26583.5073,35696.7191,32425.3462,32056.9205,23242.2116,19479.2692
R11560T16,30659.1485,33903.5125,84019.1589,97237.0237,77690.6961,69244.3354,49657.0361,43758.431
R11590T16,24751.4011,29827.4774,66069.5734,57597.9581,53494.8776,47679.8157,36036.9683,39814.6294
R11620T16,21532.6712,28325.4794,92230.4192,78086.1976,61790.6111,54691.213,40899.5278,44925.8321
R11650T16,42160.4171,55258.4335,84480.261,97076.7899,101796.4466,81254.8224,53316.1752,48208.8047
R11680T16,52495.5001,99196.0946,132408.6034,148763.2998,146299.1266,105226.5834,65755.4312,60159.2351
R11710T16,64421.0274,75317.9158,105469.9842,131385.5608,128026.8997,104776.8523,75850.5725,67441.1363
R11740T16,36685.5227,45311.977,51150.771,68984.7961,78579.1852,69384.7505,56578.9152,55506.9047
R11110T17,13501.1357,24549.7496,75620.3393,53698.9216,48108.0732,47523.3127,33487.635,31587.8839
R11140T17,14108.1265,16457.0847,57242.3022,56664.136,50665.1471,47610.359,31691.0291,25088.6373
R11170T17,16125.9405,20966.2279,59753.4442,64135.1932,51382.2465,40590.303,28096.1837,27870.4442
R11200T17,22096.9712,26841.026,68180.6494,61736.1057,53926.7088,46801.8004,32901.7047,31739.5162
R11215T17,23260.7741,38285.3962,73129.3876,60904.4025,58211.2851,53097.438,36007.2844,32280.9677
R11230T17,18734.0503,26502.328,61756.4357,46347.4054,48506.2612,47727.1688,37771.6956,41436.6794
R11260T17,23437.2536,24905.7154,40201.2413,48979.3395,51372.2913,54514.9448,42861.8255,42722.6493
R11290T17,29838.0472,41063.5207,63675.4905,52704.5383,61100.411,56455.7042,39890.7943,46097.596
R11305T17,17691.162,22164.2118,35967.9989,34576.4368,41496.569,44173.1744,34587.2367,40705.3763
R11320T17,17452.947,21390.1477,27685.7426,32245.5748,38357.7837,40933.4693,35197.9238,39343.6727
R11350T17,34960.0698,57909.2787,61220.3405,58001.1971,74276.8637,72308.4912,53766.3717,59032.8493
R11380T17,29104.0572,36796.3898,47027.7175,57994.0345,65283.9753,60591.577,46760.7606,52416.255
R11410T17,19244.1923,28436.6814,67458.5287,50817.4167,49475.5412,45218.3841,31874.5685,35592.2782
R11440T17,26996.1002,47942.4948,120556.2088,94143.2851,75597.3735,57901.976,35326.5128,36581.2794
R11470T17,29840.3125,48087.6113,36124.8038,46202.4373,61583.494,51806.0916,36525.4405,37078.5205
R11500T17,39796.71,41043.959,66814.9003,90438.9143,85569.1866,69123.09,54087.8229,55837.5257
R11530T17,27699.1869,26998.5356,44753.2082,60738.0421,62516.3329,56523.4202,43276.3083,39850.0726
R11545T17,11497.0669,12401.5918,26694.781,35734.4079,32275.6908,31879.7201,23212.1711,19718.7765
R11560T17,30733.2441,34716.9872,84045.2982,97650.3724,77905.1419,69806.1861,49453.6555,42898.7308
R11590T17,24425.441,28454.3299,65751.569,58068.2276,53579.6444,48523.493,36985.3901,40780.1192
R11620T17,21763.5789,28663.3362,92772.7835,79460.5118,62781.6412,56016.0597,41872.9027,45292.7592
R11650T17,42521.106,55294.7566,82650.0094,95051.8724,100098.6282,80022.1201,52041.2295,48020.7173
R11680T17,51226.8594,97631.8323,130333.1917,145445.0538,143441.5544,102354.355,65178.8225,60289.0744
R11710T17,64174.0476,75262.0363,106783.589,132233.9025,127922.3695,105287.8929,76383.9793,67671.4909
R11740T17,37094.6906,45830.6871,51209.401,69810.7669,79383.3177,70656.3655,57782.1731,56332.8116
R11110T18,12119.0725,22911.2629,72123.86,50717.7162,45255.8818,44323.7122,30416.7828,28722.8675
R11140T18,13658.6457,16024.317,55498.7633,53730.4798,47897.2669,45263.1644,29288.4766,22744.6885
R11170T18,15739.1001,20410.4589,58687.2381,63031.391,50022.5613,39479.5847,27297.8331,26864.4373
R11200T18,22134.6052,25857.6366,65540.6817,60409.7001,52892.895,46020.0336,33200.6715,31818.4186
R11215T18,22944.889,38159.899,74847.079,60748.9525,57323.385,53451.1064,36125.9593,32562.2659
R11230T18,18628.7019,25623.2648,61226.7491,46446.4835,47794.0382,46494.8302,37105.9864,40512.3374
R11260T18,23981.1377,25313.503,41010.1069,51236.6411,52642.8603,55852.9584,43864.4326,43554.3222
R11290T18,29829.9243,41023.9112,64130.1125,53886.1866,61921.4127,57897.398,41334.8334,47270.8775
R11305T18,18144.2503,23128.2562,36969.5573,35633.2286,42571.0932,45049.2961,35190.4165,41308.0139
R11320T18,18150.0978,22022.4098,27499.0212,32821.9968,39285.7148,41876.6718,35613.6424,39506.9865
R11350T18,34833.5951,56958.8144,61578.5613,59215.0221,74965.5656,74121.0925,54970.9081,60085.5836
R11380T18,29702.2641,37452.3387,47825.742,60144.0165,66966.1216,62783.7696,47988.8892,53533.0444
R11410T18,18797.0405,28443.3272,67542.1763,50882.687,49701.7967,45762.6271,32386.7386,35721.1032
R11440T18,26121.8886,45993.924,123216.8748,94396.7028,75259.4027,56465.1512,35483.5993,36581.2272
R11470T18,29697.0553,47788.5327,36463.5605,46912.2729,62521.6956,53192.0548,38029.163,37821.1933
R11500T18,39832.4384,41318.0031,66978.7268,91602.0942,85875.9716,70090.0031,54767.8546,56593.3154
R11530T18,28214.5787,27513.3389,45346.164,61929.1487,63983.7098,57081.1118,43990.3718,40354.1901
R11545T18,11581.5557,12411.0095,26532.2832,35746.5575,32165.4748,31938.8404,23265.0283,19932.0312
R11560T18,30533.7637,34243.685,81534.8544,95617.5426,76723.4562,68164.523,47870.3769,41765.0208
R11590T18,24932.7175,28707.3272,65695.7936,59248.6712,54879.2322,49988.6697,38106.1197,41293.1315
R11620T18,21912.0279,28621.9303,95464.3202,81862.1293,64105.3417,57574.6099,43119.3679,46260.7312
R11650T18,42390.5141,55007.8327,80314.1274,91276.6509,98542.7055,79096.5929,51601.8025,47328.6726
R11680T18,50241.934,95849.4815,127343.1358,140932.6224,139725.2722,99532.2705,62507.6836,59094.2041
R11710T18,63426.4943,74941.082,106188.1832,130933.7383,127835.6325,104590.499,76375.6928,68126.3055
R11740T18,37804.136,46425.7504,51855.8623,71450.5235,81533.0797,72600.0817,58831.171,56711.2111
R11110T19,11247.1001,21764.8399,68535.2873,47794.1784,42218.1113,41739.968,28446.3791,26587.4216
R11140T19,12186.8343,14850.0246,51415.0713,49460.157,41742.6418,37020.5752,24358.2351,20015.8297
R11170T19,15983.2314,20385.7347,58095.1293,63260.117,52810.3979,44118.1418,29459.6257,27553.9644
R11200T19,21944.4377,25323.0875,63512.5813,59440.3507,52643.1128,45883.4168,33174.4131,31974.727
R11215T19,22280.8059,37116.1338,76748.3846,61311.266,56842.1976,53194.7807,36347.0757,32512.6152
R11230T19,19004.1936,25682.7574,62123.9623,47215.5078,48146.2291,46130.1063,36551.5249,39993.466
R11260T19,24228.9075,25627.0483,41637.4388,52522.9882,53295.7123,56664.7881,44451.0921,43701.0629
R11290T19,30192.3135,41478.7934,65043.0099,55148.6703,63086.2917,59133.0338,41995.44,47906.6414
R11305T19,18258.6358,23513.372,37874.0153,36669.8757,43364.6971,45884.7795,36014.6404,42043.1004
R11320T19,18521.8152,22575.4397,28152.2145,33806.3085,39810.1726,42757.6078,36317.0229,39737.7147
R11350T19,34869.2098,56600.0447,62493.895,60255.9979,76527.9815,75769.7115,56330.9198,60471.6202
R11380T19,30005.7563,37888.3507,49022.261,61699.3149,69101.0231,64532.7836,49182.153,54301.6567
R11410T19,19369.5575,28835.978,67780.644,51523.9001,49936.4081,46587.7647,32930.0944,36227.0023
R11440T19,25901.6491,44151.3236,122607.4509,93459.597,74844.517,56192.8726,35741.8728,36178.8217
R11470T19,30076.4624,48520.9376,37092.3359,47615.3128,63446.59,54886.4529,39071.4808,38291.188
R11500T19,40038.5985,41171.3207,67943.1509,93312.1194,86429.0119,70278.6868,55521.7078,57188.3871
R11530T19,28471.2071,27540.3455,45502.2091,62800.1434,64691.2409,57519.2118,44417.2701,40529.2855
R11545T19,11120.8264,12241.4899,26682.7132,35737.2275,31579.6658,31872.3041,23275.2742,20143.2093
R11560T19,29734.6439,33117.4899,78783.1927,93677.0053,75214.1242,66420.9274,46494.0238,40573.9698
R11590T19,24786.4648,28878.4289,66406.2674,60280.5686,56686.6681,50974.5106,38711.8789,41760.9276
R11620T19,22248.7152,28963.6995,98739.9569,84285.1371,65457.167,58728.2004,43954.3339,46708.2656
R11650T19,42043.6431,53660.2935,77740.971,88072.4967,96066.7956,76560.5689,49149.5328,46132.6378
R11680T19,49294.2797,93097.6777,120889.7075,133842.2651,135275.9831,96230.9825,59709.2745,58062.2874
R11710T19,61951.2453,73722.9881,104575.0076,130241.2352,127267.1563,104266.4944,76054.9517,68182.1871
R11740T19,38684.3599,47437.9144,52922.9633,73062.5631,83780.9198,74327.9418,59920.3824,57439.7476
R11110T20,10543.2095,20415.6083,63655.1876,44459.995,39219.2325,39152.4184,26717.4881,25386.0369
R11140T20,10862.7363,13707.1789,46869.3674,44062.6947,36596.0787,31989.0775,20812.8137,18346.8195
R11170T20,16308.9937,20090.5055,55318.2835,62311.6595,51920.149,43352.9721,28860.2765,26926.2369
R11200T20,21991.4229,24520.9865,61644.0049,59663.2715,53213.0284,46329.3458,33556.153,31878.8145
R11215T20,21893.4774,34621.9801,77605.8773,61984.1288,55944.9591,52605.4954,36217.529,32601.1332
R11230T20,19018.5689,25865.3452,63776.6033,47766.224,48307.7862,46267.6055,36381.0334,39660.6008
R11260T20,24417.7294,25813.0895,43075.3131,54274.9078,54488.4777,57722.4264,45233.3939,44363.2012
R11290T20,31077.9652,42577.196,66761.4245,56412.0289,64964.9137,60496.4814,42858.1842,48482.9442
R11305T20,18078.8768,23677.4262,39215.5889,37632.5647,44138.5065,46382.8878,36439.7857,42459.9663
R11320T20,18646.0041,23043.2594,28908.0568,34558.4896,40445.0568,43633.912,36885.71,39930.1093
R11350T20,35357.4346,57179.2731,63706.275,61529.0736,77719.5015,77290.6778,57181.0328,61041.1806
R11380T20,30263.0117,38328.974,50421.3158,63582.2273,70358.5767,66000.1088,50313.2823,54801.7944
R11410T20,19761.052,29025.9797,67274.5104,51493.0417,50370.7193,47287.05,33317.1592,36406.682
R11440T20,25297.5291,42291.6897,120024.115,93276.779,74731.558,56226.4387,35702.8108,36172.2879
R11470T20,30581.5778,49253.2952,37647.4503,48346.8245,64997.385,56152.3909,39661.2489,38759.5673
R11500T20,39892.2277,41204.3032,69119.076,94289.6512,87071.5286,70500.6997,56198.9428,57555.8988
R11530T20,28722.6229,27922.9401,46346.3733,64362.1785,65613.3765,57911.0292,44583.0002,40563.97
R11545T20,11144.0511,12560.263,27150.1633,36138.8342,31442.9154,31837.1111,23575.4418,20397.2437
R11560T20,28943.9976,31696.8779,75195.7511,90610.3911,73797.6049,65532.2875,45359.6062,39521.0078
R11590T20,25600.3554,29565.7603,67833.2714,62118.1358,58133.1769,52801.9181,39760.6816,42073.7878
R11620T20,22068.4599,29276.9836,102072.6852,86602.8052,66328.4997,59607.3063,44555.6818,47168.2061
R11650T20,41466.4688,52960.8122,75517.0379,84893.4739,94953.9513,74626.3512,47548.6116,45193.3811
R11680T20,49427.9531,91011.7369,114461.2162,127985.8405,133207.9692,94310.2767,57584.445,57009.7399
R11710T20,60908.6414,72627.1699,101751.437,128225.4986,126226.2442,103980.8858,75728.1777,68119.7575
R11740T20,39444.3511,48252.2133,54200.6669,75102.4171,85160.0708,75431.9486,60708.1319,58064.2113
R11110T21,10175.3801,18833.6874,56635.7383,39805.3792,36430.9164,36295.0374,24696.9252,24406.9841
R11140T21,10074.6237,12634.8955,42040.9803,39932.4719,33324.1925,28584.0917,19117.3803,17498.3836
R11170T21,15523.3629,19451.3977,49784.8404,57386.5769,47591.6726,38618.6867,26252.5218,25063.8511
R11200T21,22282.9037,24447.0803,58959.3668,59236.4231,52860.1747,46187.6749,33090.5972,31766.1495
R11215T21,21831.182,33686.1003,78348.7604,62230.4388,55680.7256,52045.5893,36205.1474,32518.3465
R11230T21,19070.7918,26428.4701,66802.9428,49473.279,49238.1754,47118.9394,36333.3941,39565.9473
R11260T21,24292.7675,26069.8039,44703.3817,55748.1803,55174.4315,58572.8096,45601.0263,44513.2717
R11290T21,31486.359,43485.3875,68691.3911,57761.6028,66222.2175,61731.3096,43713.8588,48717.38
R11305T21,17901.6105,23757.9107,40982.5709,38513.6006,44797.9008,47262.8715,36978.3883,42852.0131
R11320T21,18923.6853,23544.1694,29959.6461,35746.8137,41279.9333,44397.9099,37389.8051,40191.5058
R11350T21,35495.0202,57312.2467,64729.6476,62683.6216,78588.2145,78400.7248,57919.663,61308.9394
R11380T21,30754.0073,39281.1727,52823.9373,66468.5337,72198.5055,67761.9623,51321.9995,55220.952
R11410T21,19725.9819,28779.2452,67071.2572,51789.7896,51011.9198,48333.4992,33442.246,36351.6593
R11440T21,25240.749,40293.7476,114255.9044,90709.6291,74386.6327,55884.5611,35222.92,36224.7195
R11470T21,30586.4601,49079.7384,38726.9061,49523.2561,66429.6389,57562.9888,40089.0477,38987.6783
R11500T21,40420.6673,41745.829,71055.7068,96831.1625,87826.8833,70939.7012,57135.2222,57926.4122
R11530T21,28837.3953,28680.3689,47751.6711,66286.9665,65750.6608,58537.9094,44735.7938,40642.7791
R11545T21,10984.1607,12277.3541,27728.0364,36550.469,31631.2054,31833.2061,23677.802,20254.9068
R11560T21,28266.0005,30419.5573,71090.3602,88749.6297,72466.5547,64262.4049,44472.5179,39108.7924
R11590T21,25698.5692,30137.8524,69834.687,63460.2797,58883.8693,53345.2582,39823.5216,42347.9199
R11620T21,21962.3411,29658.9361,106759.1283,88998.9078,67501.9119,60848.3469,44990.518,47583.0659
R11650T21,41717.3092,52762.7703,72756.4296,81559.8555,93411.1635,72213.4838,45649.0572,44581.2428
R11680T21,49627.2172,87390.4491,106835.7223,121126.5121,131397.6295,92557.7607,55682.2338,56173.2483
R11710T21,59645.5134,70686.771,97370.0041,126043.0994,124397.1362,103261.5521,75755.2327,68306.0669
R11740T21,39834.8874,48930.9959,55778.5189,77520.2484,86939.4393,76627.5613,61728.2586,58349.9855
R11110T22,9825.819,17911.2725,50082.8023,35819.7377,34297.4424,34227.4538,23297.0444,23739.2403
R11140T22,9334.1547,11478.8452,36911.8492,36200.013,30432.75,26030.6935,17683.3521,17098.6621
R11170T22,15490.7654,18838.1453,45991.6763,55360.4839,45953.5323,37417.8676,25536.0774,24847.4776
R11200T22,22497.2533,24483.8247,56701.9165,58477.6114,52458.1233,45675.3301,33024.3781,31633.5982
R11215T22,21549.8646,32864.2683,78036.8424,62186.1765,55631.3176,52170.8334,36001.3801,32407.9687
R11230T22,19287.6969,26961.2582,68853.604,50350.1366,49537.4098,46629.8888,36051.573,39423.9586
R11260T22,24462.1037,26599.8555,46357.1994,57074.6075,55731.4395,58774.0418,45752.616,44472.1407
R11290T22,31627.8881,44116.5394,70989.6977,58828.7711,67264.5804,62785.6077,44149.8763,48662.5859
R11305T22,18138.6017,24483.9693,42462.127,39278.3044,45448.8875,48196.7824,37368.5133,43160.5538
R11320T22,18729.4333,23898.3075,31465.2591,36536.5253,41754.984,44897.3158,37787.7687,40297.6213
R11350T22,35693.5266,57696.6613,66629.8355,63933.7135,79327.2815,79130.2064,58533.9326,61577.3703
R11380T22,30888.354,40001.9893,55429.5105,68363.059,73528.711,68802.0696,51924.6873,55433.9928
R11410T22,20034.5928,28981.9962,66032.9707,52166.4383,51653.1551,48420.0396,33671.1605,36285.2704
R11440T22,25089.2326,37192.4944,105908.549,86663.6994,72667.6539,54854.3103,34606.7753,36101.0595
R11470T22,30766.8449,48930.9586,39879.8861,49987.6833,67109.9577,57842.1298,40404.8613,39087.1113
R11500T22,40697.6342,42286.8024,72654.5793,98336.8966,88433.7076,71225.7161,57242.8973,58090.3541
R11530T22,28626.0859,29074.6887,49105.0646,66605.6928,65849.9114,58660.6622,44673.1174,40708.4517
R11545T22,11010.439,12588.414,28622.1809,36923.5635,31416.3615,31824.1673,23479.3135,20231.5604
R11560T22,27835.3463,29362.693,67362.5452,86673.9858,70918.7753,63120.9764,43621.7727,38941.9406
R11590T22,25549.3101,30643.9255,71538.9651,64511.4556,59146.3145,53690.8426,40022.8387,42330.4916
R11620T22,22268.6722,30253.4987,111366.8523,91864.3298,68883.9548,61530.3207,45396.0448,47798.66
R11650T22,40799.5796,51838.0366,67995.4713,77837.0947,90735.2955,69111.737,44020.8002,43901.0313
R11680T22,48967.0747,78250.7506,98058.7201,115440.6402,127334.0691,89486.5926,54323.9728,55835.1812
R11710T22,58937.147,69701.2394,92107.0495,123856.2844,124110.0325,103529.0814,75967.1738,68449.2045
R11740T22,39935.0517,49671.6407,57145.4031,78918.963,87841.7414,77015.1382,61953.7823,58533.8169
R11110T23,9569.8414,17334.4305,43811.7501,32754.263,32641.3075,32868.817,22317.955,23106.2468
R11140T23,8809.7593,10761.2291,31891.5254,32930.3663,28458.6553,24134.2418,16458.6609,16308.5463
R11170T23,14881.7884,18179.6879,41202.3021,52736.2845,44484.7726,36557.7805,25051.5385,24910.4321
R11200T23,21883.4795,23322.4396,52811.8064,56239.9016,51310.4219,44765.28,32604.0875,31264.7118
R11215T23,21078.9771,31729.1712,75481.8372,61992.7995,55390.0213,51863.5762,35885.8711,32489.2922
R11230T23,19671.6481,27543.8982,71643.6189,51183.4431,50448.0227,46793.7143,35878.9384,38963.2767
R11260T23,24418.1469,26948.8875,47997.453,58610.2004,56099.2665,59383.2249,45946.3112,44914.2538
R11290T23,31360.0814,44363.9767,71901.7906,59228.1436,67431.3027,63021.9443,44257.8206,48550.4234
R11305T23,18210.9222,24734.1061,44478.3013,40280.064,45661.696,48580.9878,37739.3394,43728.2007
R11320T23,18421.5034,23902.7656,32430.6941,36664.2847,41462.6094,44616.485,37620.0903,39557.09
R11350T23,35889.8916,58803.7018,69153.879,65646.349,80869.3033,80770.4739,59671.3853,62373.684
R11380T23,31489.8361,40965.1177,57755.6046,70335.9349,75198.2188,69688.4141,52128.3771,55723.8512
R11410T23,20285.677,29440.1438,66704.5638,52830.5806,52161.596,48892.6352,33987.5056,36359.3182
R11440T23,24406.7058,35054.4847,97397.8528,82749.9608,71213.1195,54011.2571,34247.6934,35840.327
R11470T23,30330.5459,48788.4356,41420.7589,49606.7603,67105.3128,57957.5466,40141.248,38903.7898
R11500T23,41213.5137,43067.6662,74477.7047,101034.3014,89418.1907,71726.6202,57941.7736,58274.2669
R11530T23,28696.6915,29211.7891,48179.1242,66151.5693,65757.4838,58015.7324,44094.8368,40643.9278
R11545T23,10398.3911,12105.2722,29694.227,37353.0537,31031.7439,31643.815,23161.4114,20112.9153
R11560T23,26551.2142,27036.3274,62752.5945,83914.2215,68516.7223,61230.2468,42493.5541,38462.342
R11590T23,25930.8284,31317.6458,72489.4878,64677.2783,59287.2835,53907.2691,40267.6945,41923.9645
R11620T23,22496.9302,30690.3882,115280.087,93894.3427,69594.0251,61780.3223,45461.2851,47882.5677
R11650T23,40602.1457,50553.3171,61837.032,74063.4167,88280.9589,66478.3149,41964.0864,42938.144
R11680T23,48887.6629,75343.1893,90009.554,109782.2198,124546.7199,88033.9382,53599.9575,55757.5721
R11710T23,59720.6975,69434.3979,89410.4066,123487.9554,123875.6463,103437.7812,76081.6924,68398.4995
R11740T23,40576.4391,50589.1727,58705.9087,79971.6961,88084.4648,76527.2907,61714.2758,58363.3531
