호선,고유역번호(외부역코드),연월,하차인원수,자치구코드,호선역
1,150,202201,1050145,111121,서울역(1)
1,151,202201,508237,111121,시청(1)
1,152,202201,796150,111123,종각(1)
1,153,202201,601965,111123,종로3가(1)
1,154,202201,552920,111123,종로5가(1)
1,155,202201,281274,111123,동대문(1)
1,156,202201,338965,111152,신설동(1)
1,157,202201,492913,111152,제기동(1)
1,158,202201,544757,111152,청량리(1)
1,159,202201,255518,111123,동묘앞(1)
2,201,202201,504488,111121,시청(2)
2,202,202201,952048,111121,을지로입구(2)
2,203,202201,524327,111121,을지로3가(2)
2,204,202201,303297,111121,을지로4가(2)
2,205,202201,356653,111121,동대문역사문화공원(2)
2,206,202201,371778,111121,신당(2)
2,207,202201,350972,111142,상왕십리(2)
2,208,202201,346966,111142,왕십리(2)
2,209,202201,170492,111142,한양대(2)
2,210,202201,576861,111142,뚝섬(2)
2,211,202201,984953,111142,성수(2)
2,212,202201,1016924,111141,건대입구(2)
2,213,202201,595740,111141,구의(2)
2,214,202201,783866,111141,강변(2)
2,215,202201,337170,111273,잠실나루(2)
2,216,202201,1818865,111273,잠실(2)
2,217,202201,550080,111273,잠실새내(2)
2,218,202201,207320,111273,종합운동장(2)
2,219,202201,1273126,111261,삼성(2)
2,220,202201,1163713,111261,선릉(2)
2,221,202201,1352638,111261,역삼(2)
2,222,202201,2149571,111261,강남(2)
2,223,202201,902146,111262,교대(2)
2,224,202201,502350,111262,서초(2)
2,225,202201,416331,111262,방배(2)
2,226,202201,1032181,111241,사당(2)
2,227,202201,677609,111251,낙성대(2)
2,228,202201,1205414,111251,서울대입구(2)
2,229,202201,568513,111251,봉천(2)
2,230,202201,1609570,111251,신림(2)
2,231,202201,664763,111241,신대방(2)
2,232,202201,1457395,111221,구로디지털단지(2)
2,233,202201,638186,111221,대림(2)
2,234,202201,1215029,111221,신도림(2)
2,235,202201,527164,111231,문래(2)
2,236,202201,572004,111231,영등포구청(2)
2,237,202201,517697,111231,당산(2)
2,238,202201,859535,111201,합정(2)
2,239,202201,1589013,111201,홍대입구(2)
2,240,202201,870854,111201,신촌(2)
2,241,202201,338601,111201,이대(2)
2,242,202201,245880,111201,아현(2)
2,243,202201,250860,111191,충정로(2)
2,244,202201,74682,111142,용답(2)
2,245,202201,48257,111142,신답(2)
2,246,202201,101233,111152,신설동(2)
2,247,202201,36168,111221,도림천(2)
2,248,202201,182442,111301,양천구청(2)
2,249,202201,272239,111301,신정네거리(2)
2,250,202201,65638,111152,용두(2)
3,310,202201,503574,111181,구파발(3)
3,311,202201,899611,111181,연신내(3)
3,312,202201,451915,111181,불광(3)
3,313,202201,352932,111181,녹번(3)
3,314,202201,417966,111191,홍제(3)
3,315,202201,101530,111191,무악재(3)
3,316,202201,179555,111191,독립문(3)
3,317,202201,487013,111123,경복궁(3)
3,318,202201,514732,111123,안국(3)
3,319,202201,289868,111123,종로3가(3)
3,320,202201,253470,111121,을지로3가(3)
3,322,202201,202457,111121,동대입구(3)
3,323,202201,315200,111121,약수(3)
3,324,202201,196360,111142,금호(3)
3,325,202201,242273,111142,옥수(3)
3,326,202201,887756,111261,압구정(3)
3,327,202201,850248,111261,신사(3)
3,328,202201,117831,111262,잠원(3)
3,329,202201,1181815,111262,고속터미널(3)
3,330,202201,215988,111262,교대(3)
3,331,202201,756252,111262,남부터미널(3)
3,332,202201,1009461,111262,양재(3)
3,333,202201,290192,111261,매봉(3)
3,334,202201,133829,111261,도곡(3)
3,335,202201,298642,111261,대치(3)
3,336,202201,48960,111261,학여울(3)
3,337,202201,231441,111261,대청(3)
3,338,202201,235542,111261,일원(3)
3,339,202201,455512,111261,수서(3)
3,340,202201,224663,111273,가락시장(3)
3,341,202201,182696,111273,경찰병원(3)
3,342,202201,139179,111273,오금(3)
4,409,202201,306225,111311,당고개(4)
4,410,202201,455333,111311,상계(4)
4,411,202201,552401,111311,노원(4)
4,412,202201,705283,111171,창동(4)
4,413,202201,689609,111171,쌍문(4)
4,414,202201,872885,111291,수유(4)
4,415,202201,361243,111291,미아(4)
4,416,202201,688805,111291,미아사거리(4)
4,417,202201,498395,111161,길음(4)
4,418,202201,501104,111161,성신여대입구(4)
4,419,202201,324955,111161,한성대입구(4)
4,420,202201,853710,111123,혜화(4)
4,421,202201,467288,111123,동대문(4)
4,422,202201,347051,111121,동대문역사문화공원(4)
4,423,202201,616151,111121,충무로(4)
4,424,202201,485661,111121,명동(4)
4,425,202201,620848,111121,회현(4)
4,426,202201,418726,111131,서울역(4)
4,427,202201,309018,111131,숙대입구(4)
4,428,202201,140896,111131,삼각지(4)
4,429,202201,434689,111131,신용산(4)
4,430,202201,216938,111131,이촌(4)
4,431,202201,56311,111241,동작(4)
4,432,202201,525128,111241,이수(4)
4,433,202201,543708,111241,사당(4)
4,434,202201,26136,111262,남태령(4)
5,2511,202201,164770,111212,방화(5)
5,2512,202201,136797,111212,개화산(5)
5,2513,202201,213699,111212,김포공항(5)
5,2514,202201,160854,111212,송정(5)
5,2515,202201,259550,111212,마곡(5)
5,2516,202201,515061,111212,발산(5)
5,2517,202201,359430,111212,우장산(5)
5,2518,202201,676917,111212,화곡(5)
5,2519,202201,718858,111212,까치산(5)
5,2520,202201,288096,111301,신정(5)
5,2521,202201,453101,111301,목동(5)
5,2522,202201,597351,111301,오목교(5)
5,2523,202201,185417,111231,양평(5)
5,2524,202201,102469,111231,영등포구청(5)
5,2525,202201,269277,111231,영등포시장(5)
5,2526,202201,112251,111231,신길(5)
5,2527,202201,700945,111231,여의도(5)
5,2528,202201,252209,111231,여의나루(5)
5,2529,202201,356675,111201,마포(5)
5,2530,202201,349980,111201,공덕(5)
5,2531,202201,166152,111201,애오개(5)
5,2532,202201,112256,111191,충정로(5)
5,2533,202201,442101,111123,서대문(5)
5,2534,202201,727329,111123,광화문(5)
5,2535,202201,329627,111123,종로3가(5)
5,2536,202201,148631,111121,을지로4가(5)
5,2537,202201,81909,111121,동대문역사문화공원(5)
5,2538,202201,91799,111121,청구(5)
5,2539,202201,164434,111142,신금호(5)
5,2540,202201,185146,111142,행당(5)
5,2541,202201,137199,111142,왕십리(5)
5,2542,202201,142024,111142,마장(5)
5,2543,202201,389303,111142,답십리(5)
5,2544,202201,465681,111152,장한평(5)
5,2545,202201,319219,111141,군자(5)
5,2546,202201,373954,111141,아차산(5)
5,2547,202201,309642,111141,광나루(5)
5,2548,202201,479514,111274,천호(5)
5,2549,202201,453658,111274,강동(5)
5,2550,202201,220002,111274,길동(5)
5,2551,202201,236168,111274,굽은다리(5)
5,2552,202201,228358,111274,명일(5)
5,2553,202201,236401,111274,고덕(5)
5,2554,202201,358965,111274,상일동(5)
5,2555,202201,223167,111274,둔촌동(5)
5,2556,202201,92674,111273,올림픽공원(5)
5,2557,202201,190890,111273,방이(5)
5,2558,202201,90348,111273,오금(5)
5,2559,202201,168210,111273,개롱(5)
5,2560,202201,220320,111273,거여(5)
5,2561,202201,175071,111273,마천(5)
5,2562,202201,97714,111274,강일(5)
6,2611,202201,449325,111181,응암(6)
6,2612,202201,114780,111181,역촌(6)
6,2613,202201,109201,111181,불광(6)
6,2614,202201,75841,111181,독바위(6)
6,2616,202201,146016,111181,구산(6)
6,2617,202201,301603,111181,새절(6)
6,2618,202201,259603,111181,증산(6)
6,2619,202201,363111,111181,디지털미디어시티(6)
6,2620,202201,110714,111201,월드컵경기장(6)
6,2621,202201,330193,111201,마포구청(6)
6,2622,202201,415890,111201,망원(6)
6,2623,202201,336297,111201,합정(6)
6,2624,202201,253595,111201,상수(6)
6,2625,202201,216780,111201,광흥창(6)
6,2626,202201,203063,111201,대흥(6)
6,2627,202201,425653,111201,공덕(6)
6,2628,202201,157622,111131,효창공원앞(6)
6,2629,202201,141142,111131,삼각지(6)
6,2630,202201,126877,111131,녹사평(6)
6,2631,202201,279597,111131,이태원(6)
6,2632,202201,274220,111131,한강진(6)
6,2633,202201,53540,111121,버티고개(6)
6,2634,202201,90573,111121,약수(6)
6,2635,202201,97280,111121,청구(6)
6,2636,202201,214462,111121,신당(6)
6,2637,202201,211482,111123,동묘앞(6)
6,2638,202201,71440,111123,창신(6)
6,2639,202201,169333,111161,보문(6)
6,2640,202201,240127,111161,안암(6)
6,2641,202201,185201,111161,고려대(6)
6,2642,202201,285837,111161,월곡(6)
6,2643,202201,140368,111161,상월곡(6)
6,2644,202201,222534,111161,돌곶이(6)
6,2645,202201,319028,111311,석계(6)
6,2646,202201,151593,111311,태릉입구(6)
6,2647,202201,228347,111311,화랑대(6)
6,2648,202201,213604,111151,봉화산(6)
7,2712,202201,272831,111171,도봉산(7)
7,2713,202201,323034,111311,수락산(7)
7,2714,202201,312041,111311,마들(7)
7,2715,202201,531219,111311,노원(7)
7,2716,202201,321010,111311,중계(7)
7,2717,202201,418172,111311,하계(7)
7,2718,202201,296534,111311,공릉(7)
7,2719,202201,204138,111311,태릉입구(7)
7,2720,202201,258366,111151,먹골(7)
7,2721,202201,270544,111151,중화(7)
7,2722,202201,415846,111151,상봉(7)
7,2723,202201,385088,111151,면목(7)
7,2724,202201,412663,111151,사가정(7)
7,2725,202201,154214,111151,용마산(7)
7,2726,202201,258588,111141,중곡(7)
7,2727,202201,309574,111141,군자(7)
7,2728,202201,309880,111141,어린이대공원(7)
7,2729,202201,341520,111141,건대입구(7)
7,2730,202201,186658,111141,뚝섬유원지(7)
7,2731,202201,516752,111261,청담(7)
7,2732,202201,437211,111261,강남구청(7)
7,2733,202201,605100,111261,학동(7)
7,2734,202201,536648,111261,논현(7)
7,2735,202201,141710,111262,반포(7)
7,2736,202201,351333,111262,고속터미널(7)
7,2737,202201,363854,111262,내방(7)
7,2738,202201,393371,111241,이수(7)
7,2739,202201,261691,111241,남성(7)
7,2740,202201,298333,111241,숭실대입구(7)
7,2741,202201,261811,111241,상도(7)
7,2742,202201,228831,111241,장승배기(7)
7,2743,202201,405160,111241,신대방삼거리(7)
7,2744,202201,240301,111241,보라매(7)
7,2745,202201,284990,111231,신풍(7)
7,2746,202201,226286,111231,대림(7)
7,2747,202201,411168,111221,남구로(7)
7,2748,202201,1047650,111281,가산디지털단지(7)
7,2751,202201,270701,111221,천왕(7)
7,2752,202201,231840,111221,온수(7)
8,2811,202201,433625,111274,암사(8)
8,2812,202201,453026,111274,천호(8)
8,2813,202201,274227,111274,강동구청(8)
8,2814,202201,158033,111273,몽촌토성(8)
8,2815,202201,454381,111273,잠실(8)
8,2816,202201,237439,111273,석촌(8)
8,2817,202201,192614,111273,송파(8)
8,2818,202201,222530,111273,가락시장(8)
8,2819,202201,544591,111273,문정(8)
8,2820,202201,428675,111273,장지(8)
8,2821,202201,202364,111273,복정(8)
9,4126,202201,45872,111261,언주(9)
9,4127,202201,40652,111261,선정릉(9)
9,4128,202201,30963,111261,삼성중앙(9)
9,4129,202201,74610,111261,봉은사(9)
9,4130,202201,16683,111273,종합운동장(9)
9,4131,202201,42627,111273,삼전(9)
9,4132,202201,34831,111273,석촌고분(9)
9,4133,202201,43540,111273,석촌(9)
9,4134,202201,37979,111273,송파나루(9)
9,4135,202201,19822,111273,한성백제(9)
9,4136,202201,34406,111273,올림픽공원(9)
9,4137,202201,8098,111274,둔촌오륜(9)
9,4138,202201,48370,111274,중앙보훈병원(9)
1,150,202202,860796,111121,서울역(1)
1,151,202202,440144,111121,시청(1)
1,152,202202,656218,111123,종각(1)
1,153,202202,510518,111123,종로3가(1)
1,154,202202,471706,111123,종로5가(1)
1,155,202202,238236,111123,동대문(1)
1,156,202202,295113,111152,신설동(1)
1,157,202202,372954,111152,제기동(1)
1,158,202202,441801,111152,청량리(1)
1,159,202202,215082,111123,동묘앞(1)
2,201,202202,430487,111121,시청(2)
2,202,202202,777615,111121,을지로입구(2)
2,203,202202,429759,111121,을지로3가(2)
2,204,202202,255759,111121,을지로4가(2)
2,205,202202,301202,111121,동대문역사문화공원(2)
2,206,202202,320347,111121,신당(2)
2,207,202202,301970,111142,상왕십리(2)
2,208,202202,297295,111142,왕십리(2)
2,209,202202,154756,111142,한양대(2)
2,210,202202,490712,111142,뚝섬(2)
2,211,202202,838423,111142,성수(2)
2,212,202202,851104,111141,건대입구(2)
2,213,202202,514018,111141,구의(2)
2,214,202202,638923,111141,강변(2)
2,215,202202,285017,111273,잠실나루(2)
2,216,202202,1477610,111273,잠실(2)
2,217,202202,464873,111273,잠실새내(2)
2,218,202202,173400,111273,종합운동장(2)
2,219,202202,1059088,111261,삼성(2)
2,220,202202,975950,111261,선릉(2)
2,221,202202,1120207,111261,역삼(2)
2,222,202202,1776051,111261,강남(2)
2,223,202202,762388,111262,교대(2)
2,224,202202,424874,111262,서초(2)
2,225,202202,350208,111262,방배(2)
2,226,202202,874715,111241,사당(2)
2,227,202202,586050,111251,낙성대(2)
2,228,202202,1040368,111251,서울대입구(2)
2,229,202202,494273,111251,봉천(2)
2,230,202202,1400344,111251,신림(2)
2,231,202202,577219,111241,신대방(2)
2,232,202202,1234711,111221,구로디지털단지(2)
2,233,202202,543741,111221,대림(2)
2,234,202202,1040056,111221,신도림(2)
2,235,202202,449118,111231,문래(2)
2,236,202202,489372,111231,영등포구청(2)
2,237,202202,440238,111231,당산(2)
2,238,202202,725253,111201,합정(2)
2,239,202202,1334659,111201,홍대입구(2)
2,240,202202,745080,111201,신촌(2)
2,241,202202,295673,111201,이대(2)
2,242,202202,212103,111201,아현(2)
2,243,202202,218550,111191,충정로(2)
2,244,202202,64776,111142,용답(2)
2,245,202202,40695,111142,신답(2)
2,246,202202,86099,111152,신설동(2)
2,247,202202,30681,111221,도림천(2)
2,248,202202,154105,111301,양천구청(2)
2,249,202202,229866,111301,신정네거리(2)
2,250,202202,53777,111152,용두(2)
3,310,202202,430677,111181,구파발(3)
3,311,202202,776006,111181,연신내(3)
3,312,202202,390920,111181,불광(3)
3,313,202202,299983,111181,녹번(3)
3,314,202202,364734,111191,홍제(3)
3,315,202202,87910,111191,무악재(3)
3,316,202202,159347,111191,독립문(3)
3,317,202202,422049,111123,경복궁(3)
3,318,202202,431055,111123,안국(3)
3,319,202202,250303,111123,종로3가(3)
3,320,202202,209178,111121,을지로3가(3)
3,322,202202,181003,111121,동대입구(3)
3,323,202202,270419,111121,약수(3)
3,324,202202,167206,111142,금호(3)
3,325,202202,204488,111142,옥수(3)
3,326,202202,744003,111261,압구정(3)
3,327,202202,716252,111261,신사(3)
3,328,202202,99607,111262,잠원(3)
3,329,202202,930741,111262,고속터미널(3)
3,330,202202,181697,111262,교대(3)
3,331,202202,631554,111262,남부터미널(3)
3,332,202202,846593,111262,양재(3)
3,333,202202,242407,111261,매봉(3)
3,334,202202,114211,111261,도곡(3)
3,335,202202,250275,111261,대치(3)
3,336,202202,50901,111261,학여울(3)
3,337,202202,198555,111261,대청(3)
3,338,202202,201849,111261,일원(3)
3,339,202202,384416,111261,수서(3)
3,340,202202,182340,111273,가락시장(3)
3,341,202202,153691,111273,경찰병원(3)
3,342,202202,119355,111273,오금(3)
4,409,202202,265551,111311,당고개(4)
4,410,202202,389833,111311,상계(4)
4,411,202202,470285,111311,노원(4)
4,412,202202,603989,111171,창동(4)
4,413,202202,594031,111171,쌍문(4)
4,414,202202,757705,111291,수유(4)
4,415,202202,317296,111291,미아(4)
4,416,202202,592058,111291,미아사거리(4)
4,417,202202,427937,111161,길음(4)
4,418,202202,430148,111161,성신여대입구(4)
4,419,202202,284339,111161,한성대입구(4)
4,420,202202,715934,111123,혜화(4)
4,421,202202,400956,111123,동대문(4)
4,422,202202,292139,111121,동대문역사문화공원(4)
4,423,202202,531067,111121,충무로(4)
4,424,202202,388747,111121,명동(4)
4,425,202202,498483,111121,회현(4)
4,426,202202,338008,111131,서울역(4)
4,427,202202,267117,111131,숙대입구(4)
4,428,202202,118690,111131,삼각지(4)
4,429,202202,353407,111131,신용산(4)
4,430,202202,183300,111131,이촌(4)
4,431,202202,52087,111241,동작(4)
4,432,202202,444404,111241,이수(4)
4,433,202202,460391,111241,사당(4)
4,434,202202,22225,111262,남태령(4)
5,2511,202202,140197,111212,방화(5)
5,2512,202202,119563,111212,개화산(5)
5,2513,202202,182769,111212,김포공항(5)
5,2514,202202,140896,111212,송정(5)
5,2515,202202,221023,111212,마곡(5)
5,2516,202202,440514,111212,발산(5)
5,2517,202202,305561,111212,우장산(5)
5,2518,202202,585694,111212,화곡(5)
5,2519,202202,623687,111212,까치산(5)
5,2520,202202,250824,111301,신정(5)
5,2521,202202,385215,111301,목동(5)
5,2522,202202,503517,111301,오목교(5)
5,2523,202202,155814,111231,양평(5)
5,2524,202202,87362,111231,영등포구청(5)
5,2525,202202,232020,111231,영등포시장(5)
5,2526,202202,97421,111231,신길(5)
5,2527,202202,578047,111231,여의도(5)
5,2528,202202,218948,111231,여의나루(5)
5,2529,202202,300274,111201,마포(5)
5,2530,202202,290163,111201,공덕(5)
5,2531,202202,142743,111201,애오개(5)
5,2532,202202,94907,111191,충정로(5)
5,2533,202202,365114,111123,서대문(5)
5,2534,202202,592635,111123,광화문(5)
5,2535,202202,273149,111123,종로3가(5)
5,2536,202202,122185,111121,을지로4가(5)
5,2537,202202,65793,111121,동대문역사문화공원(5)
5,2538,202202,79445,111121,청구(5)
5,2539,202202,143337,111142,신금호(5)
5,2540,202202,157635,111142,행당(5)
5,2541,202202,116290,111142,왕십리(5)
5,2542,202202,113136,111142,마장(5)
5,2543,202202,333161,111142,답십리(5)
5,2544,202202,401137,111152,장한평(5)
5,2545,202202,273182,111141,군자(5)
5,2546,202202,322995,111141,아차산(5)
5,2547,202202,265332,111141,광나루(5)
5,2548,202202,405858,111274,천호(5)
5,2549,202202,392341,111274,강동(5)
5,2550,202202,186998,111274,길동(5)
5,2551,202202,200707,111274,굽은다리(5)
5,2552,202202,194390,111274,명일(5)
5,2553,202202,201021,111274,고덕(5)
5,2554,202202,300631,111274,상일동(5)
5,2555,202202,190787,111274,둔촌동(5)
5,2556,202202,77513,111273,올림픽공원(5)
5,2557,202202,161264,111273,방이(5)
5,2558,202202,76027,111273,오금(5)
5,2559,202202,144811,111273,개롱(5)
5,2560,202202,193790,111273,거여(5)
5,2561,202202,151982,111273,마천(5)
5,2562,202202,84370,111274,강일(5)
6,2611,202202,388101,111181,응암(6)
6,2612,202202,101441,111181,역촌(6)
6,2613,202202,94213,111181,불광(6)
6,2614,202202,64932,111181,독바위(6)
6,2616,202202,127746,111181,구산(6)
6,2617,202202,260179,111181,새절(6)
6,2618,202202,223567,111181,증산(6)
6,2619,202202,306134,111181,디지털미디어시티(6)
6,2620,202202,97998,111201,월드컵경기장(6)
6,2621,202202,286314,111201,마포구청(6)
6,2622,202202,346966,111201,망원(6)
6,2623,202202,284537,111201,합정(6)
6,2624,202202,216936,111201,상수(6)
6,2625,202202,184453,111201,광흥창(6)
6,2626,202202,177080,111201,대흥(6)
6,2627,202202,360597,111201,공덕(6)
6,2628,202202,136004,111131,효창공원앞(6)
6,2629,202202,116391,111131,삼각지(6)
6,2630,202202,106976,111131,녹사평(6)
6,2631,202202,237266,111131,이태원(6)
6,2632,202202,217268,111131,한강진(6)
6,2633,202202,45805,111121,버티고개(6)
6,2634,202202,77734,111121,약수(6)
6,2635,202202,85542,111121,청구(6)
6,2636,202202,184286,111121,신당(6)
6,2637,202202,184831,111123,동묘앞(6)
6,2638,202202,60016,111123,창신(6)
6,2639,202202,149617,111161,보문(6)
6,2640,202202,215127,111161,안암(6)
6,2641,202202,168651,111161,고려대(6)
6,2642,202202,245476,111161,월곡(6)
6,2643,202202,120788,111161,상월곡(6)
6,2644,202202,192072,111161,돌곶이(6)
6,2645,202202,277135,111311,석계(6)
6,2646,202202,130673,111311,태릉입구(6)
6,2647,202202,197476,111311,화랑대(6)
6,2648,202202,182130,111151,봉화산(6)
7,2712,202202,235932,111171,도봉산(7)
7,2713,202202,277991,111311,수락산(7)
7,2714,202202,269204,111311,마들(7)
7,2715,202202,455431,111311,노원(7)
7,2716,202202,276007,111311,중계(7)
7,2717,202202,357550,111311,하계(7)
7,2718,202202,263981,111311,공릉(7)
7,2719,202202,178146,111311,태릉입구(7)
7,2720,202202,225006,111151,먹골(7)
7,2721,202202,235011,111151,중화(7)
7,2722,202202,353711,111151,상봉(7)
7,2723,202202,333616,111151,면목(7)
7,2724,202202,357308,111151,사가정(7)
7,2725,202202,133573,111151,용마산(7)
7,2726,202202,223959,111141,중곡(7)
7,2727,202202,268301,111141,군자(7)
7,2728,202202,277433,111141,어린이대공원(7)
7,2729,202202,286218,111141,건대입구(7)
7,2730,202202,164320,111141,뚝섬유원지(7)
7,2731,202202,442304,111261,청담(7)
7,2732,202202,375360,111261,강남구청(7)
7,2733,202202,511361,111261,학동(7)
7,2734,202202,454229,111261,논현(7)
7,2735,202202,120684,111262,반포(7)
7,2736,202202,288628,111262,고속터미널(7)
7,2737,202202,308945,111262,내방(7)
7,2738,202202,336092,111241,이수(7)
7,2739,202202,227842,111241,남성(7)
7,2740,202202,257721,111241,숭실대입구(7)
7,2741,202202,224353,111241,상도(7)
7,2742,202202,199409,111241,장승배기(7)
7,2743,202202,350300,111241,신대방삼거리(7)
7,2744,202202,206285,111241,보라매(7)
7,2745,202202,245519,111231,신풍(7)
7,2746,202202,184911,111231,대림(7)
7,2747,202202,350956,111221,남구로(7)
7,2748,202202,878386,111281,가산디지털단지(7)
7,2751,202202,229551,111221,천왕(7)
7,2752,202202,199122,111221,온수(7)
8,2811,202202,367140,111274,암사(8)
8,2812,202202,383927,111274,천호(8)
8,2813,202202,232965,111274,강동구청(8)
8,2814,202202,134081,111273,몽촌토성(8)
8,2815,202202,370861,111273,잠실(8)
8,2816,202202,200861,111273,석촌(8)
8,2817,202202,164651,111273,송파(8)
8,2818,202202,179229,111273,가락시장(8)
8,2819,202202,458992,111273,문정(8)
8,2820,202202,361713,111273,장지(8)
8,2821,202202,172456,111273,복정(8)
9,4126,202202,38833,111261,언주(9)
9,4127,202202,34655,111261,선정릉(9)
9,4128,202202,26940,111261,삼성중앙(9)
9,4129,202202,63552,111261,봉은사(9)
9,4130,202202,14534,111273,종합운동장(9)
9,4131,202202,37848,111273,삼전(9)
9,4132,202202,30717,111273,석촌고분(9)
9,4133,202202,38256,111273,석촌(9)
9,4134,202202,33290,111273,송파나루(9)
9,4135,202202,17351,111273,한성백제(9)
9,4136,202202,28893,111273,올림픽공원(9)
9,4137,202202,7458,111274,둔촌오륜(9)
9,4138,202202,42486,111274,중앙보훈병원(9)
1,150,202203,954476,111121,서울역(1)
1,151,202203,506303,111121,시청(1)
1,152,202203,736862,111123,종각(1)
1,153,202203,568693,111123,종로3가(1)
1,154,202203,546946,111123,종로5가(1)
1,155,202203,274331,111123,동대문(1)
1,156,202203,336238,111152,신설동(1)
1,157,202203,442927,111152,제기동(1)
1,158,202203,511722,111152,청량리(1)
1,159,202203,252935,111123,동묘앞(1)
2,201,202203,477591,111121,시청(2)
2,202,202203,878261,111121,을지로입구(2)
2,203,202203,486250,111121,을지로3가(2)
2,204,202203,296395,111121,을지로4가(2)
2,205,202203,363742,111121,동대문역사문화공원(2)
2,206,202203,358846,111121,신당(2)
2,207,202203,338194,111142,상왕십리(2)
2,208,202203,348240,111142,왕십리(2)
2,209,202203,364526,111142,한양대(2)
2,210,202203,551470,111142,뚝섬(2)
2,211,202203,946293,111142,성수(2)
2,212,202203,985481,111141,건대입구(2)
2,213,202203,574046,111141,구의(2)
2,214,202203,699213,111141,강변(2)
2,215,202203,321446,111273,잠실나루(2)
2,216,202203,1612184,111273,잠실(2)
2,217,202203,516682,111273,잠실새내(2)
2,218,202203,252564,111273,종합운동장(2)
2,219,202203,1158528,111261,삼성(2)
2,220,202203,1101877,111261,선릉(2)
2,221,202203,1235894,111261,역삼(2)
2,222,202203,1927331,111261,강남(2)
2,223,202203,864723,111262,교대(2)
2,224,202203,473278,111262,서초(2)
2,225,202203,459718,111262,방배(2)
2,226,202203,991362,111241,사당(2)
2,227,202203,671955,111251,낙성대(2)
2,228,202203,1194557,111251,서울대입구(2)
2,229,202203,547911,111251,봉천(2)
2,230,202203,1555097,111251,신림(2)
2,231,202203,648224,111241,신대방(2)
2,232,202203,1375610,111221,구로디지털단지(2)
2,233,202203,612935,111221,대림(2)
2,234,202203,1172064,111221,신도림(2)
2,235,202203,516426,111231,문래(2)
2,236,202203,547992,111231,영등포구청(2)
2,237,202203,512823,111231,당산(2)
2,238,202203,814320,111201,합정(2)
2,239,202203,1499018,111201,홍대입구(2)
2,240,202203,849484,111201,신촌(2)
2,241,202203,367979,111201,이대(2)
2,242,202203,249071,111201,아현(2)
2,243,202203,246686,111191,충정로(2)
2,244,202203,91807,111142,용답(2)
2,245,202203,46071,111142,신답(2)
2,246,202203,95249,111152,신설동(2)
2,247,202203,35946,111221,도림천(2)
2,248,202203,172505,111301,양천구청(2)
2,249,202203,258055,111301,신정네거리(2)
2,250,202203,61927,111152,용두(2)
3,310,202203,491319,111181,구파발(3)
3,311,202203,876936,111181,연신내(3)
3,312,202203,439137,111181,불광(3)
3,313,202203,342684,111181,녹번(3)
3,314,202203,418558,111191,홍제(3)
3,315,202203,98364,111191,무악재(3)
3,316,202203,186935,111191,독립문(3)
3,317,202203,499359,111123,경복궁(3)
3,318,202203,504806,111123,안국(3)
3,319,202203,276931,111123,종로3가(3)
3,320,202203,234648,111121,을지로3가(3)
3,322,202203,232599,111121,동대입구(3)
3,323,202203,308905,111121,약수(3)
3,324,202203,184126,111142,금호(3)
3,325,202203,229228,111142,옥수(3)
3,326,202203,798880,111261,압구정(3)
3,327,202203,778056,111261,신사(3)
3,328,202203,113107,111262,잠원(3)
3,329,202203,1007250,111262,고속터미널(3)
3,330,202203,209512,111262,교대(3)
3,331,202203,695395,111262,남부터미널(3)
3,332,202203,948860,111262,양재(3)
3,333,202203,266997,111261,매봉(3)
3,334,202203,129258,111261,도곡(3)
3,335,202203,271810,111261,대치(3)
3,336,202203,66051,111261,학여울(3)
3,337,202203,222857,111261,대청(3)
3,338,202203,229971,111261,일원(3)
3,339,202203,428944,111261,수서(3)
3,340,202203,208922,111273,가락시장(3)
3,341,202203,170011,111273,경찰병원(3)
3,342,202203,135008,111273,오금(3)
4,409,202203,273822,111311,당고개(4)
4,410,202203,448361,111311,상계(4)
4,411,202203,537473,111311,노원(4)
4,412,202203,686912,111171,창동(4)
4,413,202203,671116,111171,쌍문(4)
4,414,202203,858304,111291,수유(4)
4,415,202203,373239,111291,미아(4)
4,416,202203,669348,111291,미아사거리(4)
4,417,202203,504545,111161,길음(4)
4,418,202203,510742,111161,성신여대입구(4)
4,419,202203,339013,111161,한성대입구(4)
4,420,202203,810776,111123,혜화(4)
4,421,202203,484222,111123,동대문(4)
4,422,202203,339455,111121,동대문역사문화공원(4)
4,423,202203,659434,111121,충무로(4)
4,424,202203,472688,111121,명동(4)
4,425,202203,594116,111121,회현(4)
4,426,202203,367739,111131,서울역(4)
4,427,202203,332737,111131,숙대입구(4)
4,428,202203,135989,111131,삼각지(4)
4,429,202203,390322,111131,신용산(4)
4,430,202203,196959,111131,이촌(4)
4,431,202203,63238,111241,동작(4)
4,432,202203,504334,111241,이수(4)
4,433,202203,527067,111241,사당(4)
4,434,202203,25453,111262,남태령(4)
5,2511,202203,159279,111212,방화(5)
5,2512,202203,134864,111212,개화산(5)
5,2513,202203,185558,111212,김포공항(5)
5,2514,202203,157113,111212,송정(5)
5,2515,202203,249558,111212,마곡(5)
5,2516,202203,505203,111212,발산(5)
5,2517,202203,351173,111212,우장산(5)
5,2518,202203,659921,111212,화곡(5)
5,2519,202203,693978,111212,까치산(5)
5,2520,202203,280372,111301,신정(5)
5,2521,202203,430177,111301,목동(5)
5,2522,202203,554037,111301,오목교(5)
5,2523,202203,173370,111231,양평(5)
5,2524,202203,99953,111231,영등포구청(5)
5,2525,202203,256566,111231,영등포시장(5)
5,2526,202203,108035,111231,신길(5)
5,2527,202203,653276,111231,여의도(5)
5,2528,202203,297448,111231,여의나루(5)
5,2529,202203,335660,111201,마포(5)
5,2530,202203,329740,111201,공덕(5)
5,2531,202203,159740,111201,애오개(5)
5,2532,202203,108344,111191,충정로(5)
5,2533,202203,423634,111123,서대문(5)
5,2534,202203,691076,111123,광화문(5)
5,2535,202203,307657,111123,종로3가(5)
5,2536,202203,142773,111121,을지로4가(5)
5,2537,202203,74475,111121,동대문역사문화공원(5)
5,2538,202203,89569,111121,청구(5)
5,2539,202203,163349,111142,신금호(5)
5,2540,202203,175787,111142,행당(5)
5,2541,202203,131953,111142,왕십리(5)
5,2542,202203,134574,111142,마장(5)
5,2543,202203,374191,111142,답십리(5)
5,2544,202203,445816,111152,장한평(5)
5,2545,202203,310777,111141,군자(5)
5,2546,202203,380326,111141,아차산(5)
5,2547,202203,304629,111141,광나루(5)
5,2548,202203,453330,111274,천호(5)
5,2549,202203,443050,111274,강동(5)
5,2550,202203,209164,111274,길동(5)
5,2551,202203,223802,111274,굽은다리(5)
5,2552,202203,219074,111274,명일(5)
5,2553,202203,231396,111274,고덕(5)
5,2554,202203,336579,111274,상일동(5)
5,2555,202203,213191,111274,둔촌동(5)
5,2556,202203,91976,111273,올림픽공원(5)
5,2557,202203,179946,111273,방이(5)
5,2558,202203,89782,111273,오금(5)
5,2559,202203,162627,111273,개롱(5)
5,2560,202203,234184,111273,거여(5)
5,2561,202203,174115,111273,마천(5)
5,2562,202203,95632,111274,강일(5)
6,2611,202203,434447,111181,응암(6)
6,2612,202203,110901,111181,역촌(6)
6,2613,202203,106360,111181,불광(6)
6,2614,202203,74374,111181,독바위(6)
6,2616,202203,143508,111181,구산(6)
6,2617,202203,300124,111181,새절(6)
6,2618,202203,252455,111181,증산(6)
6,2619,202203,347568,111181,디지털미디어시티(6)
6,2620,202203,155803,111201,월드컵경기장(6)
6,2621,202203,317927,111201,마포구청(6)
6,2622,202203,382548,111201,망원(6)
6,2623,202203,327094,111201,합정(6)
6,2624,202203,255935,111201,상수(6)
6,2625,202203,209518,111201,광흥창(6)
6,2626,202203,212742,111201,대흥(6)
6,2627,202203,404962,111201,공덕(6)
6,2628,202203,161710,111131,효창공원앞(6)
6,2629,202203,135602,111131,삼각지(6)
6,2630,202203,125318,111131,녹사평(6)
6,2631,202203,283203,111131,이태원(6)
6,2632,202203,238848,111131,한강진(6)
6,2633,202203,51767,111121,버티고개(6)
6,2634,202203,87562,111121,약수(6)
6,2635,202203,97583,111121,청구(6)
6,2636,202203,205291,111121,신당(6)
6,2637,202203,208491,111123,동묘앞(6)
6,2638,202203,74105,111123,창신(6)
6,2639,202203,171004,111161,보문(6)
6,2640,202203,315363,111161,안암(6)
6,2641,202203,201383,111161,고려대(6)
6,2642,202203,293152,111161,월곡(6)
6,2643,202203,143725,111161,상월곡(6)
6,2644,202203,221041,111161,돌곶이(6)
6,2645,202203,325060,111311,석계(6)
6,2646,202203,153746,111311,태릉입구(6)
6,2647,202203,232800,111311,화랑대(6)
6,2648,202203,205228,111151,봉화산(6)
7,2712,202203,278870,111171,도봉산(7)
7,2713,202203,313746,111311,수락산(7)
7,2714,202203,302452,111311,마들(7)
7,2715,202203,509877,111311,노원(7)
7,2716,202203,326633,111311,중계(7)
7,2717,202203,415355,111311,하계(7)
7,2718,202203,315539,111311,공릉(7)
7,2719,202203,208478,111311,태릉입구(7)
7,2720,202203,251746,111151,먹골(7)
7,2721,202203,264785,111151,중화(7)
7,2722,202203,393276,111151,상봉(7)
7,2723,202203,395907,111151,면목(7)
7,2724,202203,406181,111151,사가정(7)
7,2725,202203,150219,111151,용마산(7)
7,2726,202203,254342,111141,중곡(7)
7,2727,202203,297356,111141,군자(7)
7,2728,202203,366701,111141,어린이대공원(7)
7,2729,202203,341006,111141,건대입구(7)
7,2730,202203,213114,111141,뚝섬유원지(7)
7,2731,202203,501266,111261,청담(7)
7,2732,202203,417027,111261,강남구청(7)
7,2733,202203,578645,111261,학동(7)
7,2734,202203,503883,111261,논현(7)
7,2735,202203,138055,111262,반포(7)
7,2736,202203,316603,111262,고속터미널(7)
7,2737,202203,350523,111262,내방(7)
7,2738,202203,374326,111241,이수(7)
7,2739,202203,255076,111241,남성(7)
7,2740,202203,358413,111241,숭실대입구(7)
7,2741,202203,271359,111241,상도(7)
7,2742,202203,220270,111241,장승배기(7)
7,2743,202203,397823,111241,신대방삼거리(7)
7,2744,202203,239033,111241,보라매(7)
7,2745,202203,279370,111231,신풍(7)
7,2746,202203,204350,111231,대림(7)
7,2747,202203,389436,111221,남구로(7)
7,2748,202203,988191,111281,가산디지털단지(7)
7,2751,202203,262211,111221,천왕(7)
7,2752,202203,236897,111221,온수(7)
8,2811,202203,409707,111274,암사(8)
8,2812,202203,424655,111274,천호(8)
8,2813,202203,258120,111274,강동구청(8)
8,2814,202203,150494,111273,몽촌토성(8)
8,2815,202203,398257,111273,잠실(8)
8,2816,202203,222016,111273,석촌(8)
8,2817,202203,186972,111273,송파(8)
8,2818,202203,206397,111273,가락시장(8)
8,2819,202203,517879,111273,문정(8)
8,2820,202203,410109,111273,장지(8)
8,2821,202203,203015,111273,복정(8)
9,4126,202203,43037,111261,언주(9)
9,4127,202203,38599,111261,선정릉(9)
9,4128,202203,30305,111261,삼성중앙(9)
9,4129,202203,68279,111261,봉은사(9)
9,4130,202203,16312,111273,종합운동장(9)
9,4131,202203,41322,111273,삼전(9)
9,4132,202203,33381,111273,석촌고분(9)
9,4133,202203,42373,111273,석촌(9)
9,4134,202203,36964,111273,송파나루(9)
9,4135,202203,18952,111273,한성백제(9)
9,4136,202203,32515,111273,올림픽공원(9)
9,4137,202203,9678,111274,둔촌오륜(9)
9,4138,202203,49279,111274,중앙보훈병원(9)
1,150,202204,1154618,111121,서울역(1)
1,151,202204,584417,111121,시청(1)
1,152,202204,843089,111123,종각(1)
1,153,202204,648070,111123,종로3가(1)
1,154,202204,618405,111123,종로5가(1)
1,155,202204,310264,111123,동대문(1)
1,156,202204,367215,111152,신설동(1)
1,157,202204,495137,111152,제기동(1)
1,158,202204,562086,111152,청량리(1)
1,159,202204,293582,111123,동묘앞(1)
2,201,202204,544967,111121,시청(2)
2,202,202204,998380,111121,을지로입구(2)
2,203,202204,572628,111121,을지로3가(2)
2,204,202204,329902,111121,을지로4가(2)
2,205,202204,392191,111121,동대문역사문화공원(2)
2,206,202204,405707,111121,신당(2)
2,207,202204,367092,111142,상왕십리(2)
2,208,202204,381981,111142,왕십리(2)
2,209,202204,370373,111142,한양대(2)
2,210,202204,660615,111142,뚝섬(2)
2,211,202204,1057808,111142,성수(2)
2,212,202204,1126670,111141,건대입구(2)
2,213,202204,618142,111141,구의(2)
2,214,202204,813771,111141,강변(2)
2,215,202204,365618,111273,잠실나루(2)
2,216,202204,2147958,111273,잠실(2)
2,217,202204,591311,111273,잠실새내(2)
2,218,202204,347397,111273,종합운동장(2)
2,219,202204,1295112,111261,삼성(2)
2,220,202204,1215548,111261,선릉(2)
2,221,202204,1366691,111261,역삼(2)
2,222,202204,2166287,111261,강남(2)
2,223,202204,962142,111262,교대(2)
2,224,202204,526376,111262,서초(2)
2,225,202204,501037,111262,방배(2)
2,226,202204,1157894,111241,사당(2)
2,227,202204,725856,111251,낙성대(2)
2,228,202204,1291861,111251,서울대입구(2)
2,229,202204,589642,111251,봉천(2)
2,230,202204,1676852,111251,신림(2)
2,231,202204,716381,111241,신대방(2)
2,232,202204,1498117,111221,구로디지털단지(2)
2,233,202204,670071,111221,대림(2)
2,234,202204,1325963,111221,신도림(2)
2,235,202204,582057,111231,문래(2)
2,236,202204,597721,111231,영등포구청(2)
2,237,202204,586443,111231,당산(2)
2,238,202204,935736,111201,합정(2)
2,239,202204,1708557,111201,홍대입구(2)
2,240,202204,925823,111201,신촌(2)
2,241,202204,393104,111201,이대(2)
2,242,202204,270915,111201,아현(2)
2,243,202204,273609,111191,충정로(2)
2,244,202204,91235,111142,용답(2)
2,245,202204,49780,111142,신답(2)
2,246,202204,102875,111152,신설동(2)
2,247,202204,40913,111221,도림천(2)
2,248,202204,188784,111301,양천구청(2)
2,249,202204,285242,111301,신정네거리(2)
2,250,202204,65529,111152,용두(2)
3,310,202204,544535,111181,구파발(3)
3,311,202204,954526,111181,연신내(3)
3,312,202204,481981,111181,불광(3)
3,313,202204,373964,111181,녹번(3)
3,314,202204,463301,111191,홍제(3)
3,315,202204,111016,111191,무악재(3)
3,316,202204,214555,111191,독립문(3)
3,317,202204,619155,111123,경복궁(3)
3,318,202204,631887,111123,안국(3)
3,319,202204,309585,111123,종로3가(3)
3,320,202204,270966,111121,을지로3가(3)
3,322,202204,282204,111121,동대입구(3)
3,323,202204,345394,111121,약수(3)
3,324,202204,201832,111142,금호(3)
3,325,202204,258480,111142,옥수(3)
3,326,202204,885287,111261,압구정(3)
3,327,202204,858245,111261,신사(3)
3,328,202204,130145,111262,잠원(3)
3,329,202204,1212565,111262,고속터미널(3)
3,330,202204,239052,111262,교대(3)
3,331,202204,782158,111262,남부터미널(3)
3,332,202204,1060146,111262,양재(3)
3,333,202204,305074,111261,매봉(3)
3,334,202204,148029,111261,도곡(3)
3,335,202204,289141,111261,대치(3)
3,336,202204,65325,111261,학여울(3)
3,337,202204,245259,111261,대청(3)
3,338,202204,254727,111261,일원(3)
3,339,202204,485421,111261,수서(3)
3,340,202204,234819,111273,가락시장(3)
3,341,202204,186071,111273,경찰병원(3)
3,342,202204,152823,111273,오금(3)
4,409,202204,233488,111311,당고개(4)
4,410,202204,499540,111311,상계(4)
4,411,202204,593214,111311,노원(4)
4,412,202204,741260,111171,창동(4)
4,413,202204,727802,111171,쌍문(4)
4,414,202204,929966,111291,수유(4)
4,415,202204,399121,111291,미아(4)
4,416,202204,730543,111291,미아사거리(4)
4,417,202204,559441,111161,길음(4)
4,418,202204,549806,111161,성신여대입구(4)
4,419,202204,383471,111161,한성대입구(4)
4,420,202204,919500,111123,혜화(4)
4,421,202204,532250,111123,동대문(4)
4,422,202204,360738,111121,동대문역사문화공원(4)
4,423,202204,735022,111121,충무로(4)
4,424,202204,564751,111121,명동(4)
4,425,202204,690317,111121,회현(4)
4,426,202204,458079,111131,서울역(4)
4,427,202204,363091,111131,숙대입구(4)
4,428,202204,158552,111131,삼각지(4)
4,429,202204,442629,111131,신용산(4)
4,430,202204,237455,111131,이촌(4)
4,431,202204,78893,111241,동작(4)
4,432,202204,560998,111241,이수(4)
4,433,202204,616375,111241,사당(4)
4,434,202204,28843,111262,남태령(4)
5,2511,202204,174593,111212,방화(5)
5,2512,202204,146545,111212,개화산(5)
5,2513,202204,212490,111212,김포공항(5)
5,2514,202204,170332,111212,송정(5)
5,2515,202204,271597,111212,마곡(5)
5,2516,202204,560845,111212,발산(5)
5,2517,202204,385323,111212,우장산(5)
5,2518,202204,713684,111212,화곡(5)
5,2519,202204,745100,111212,까치산(5)
5,2520,202204,303801,111301,신정(5)
5,2521,202204,471370,111301,목동(5)
5,2522,202204,614915,111301,오목교(5)
5,2523,202204,189322,111231,양평(5)
5,2524,202204,110029,111231,영등포구청(5)
5,2525,202204,286248,111231,영등포시장(5)
5,2526,202204,117984,111231,신길(5)
5,2527,202204,776022,111231,여의도(5)
5,2528,202204,618458,111231,여의나루(5)
5,2529,202204,377911,111201,마포(5)
5,2530,202204,379944,111201,공덕(5)
5,2531,202204,176136,111201,애오개(5)
5,2532,202204,121066,111191,충정로(5)
5,2533,202204,480469,111123,서대문(5)
5,2534,202204,786366,111123,광화문(5)
5,2535,202204,363989,111123,종로3가(5)
5,2536,202204,161022,111121,을지로4가(5)
5,2537,202204,80472,111121,동대문역사문화공원(5)
5,2538,202204,96458,111121,청구(5)
5,2539,202204,179731,111142,신금호(5)
5,2540,202204,191752,111142,행당(5)
5,2541,202204,147796,111142,왕십리(5)
5,2542,202204,146643,111142,마장(5)
5,2543,202204,398383,111142,답십리(5)
5,2544,202204,482496,111152,장한평(5)
5,2545,202204,338733,111141,군자(5)
5,2546,202204,433924,111141,아차산(5)
5,2547,202204,344755,111141,광나루(5)
5,2548,202204,505268,111274,천호(5)
5,2549,202204,481446,111274,강동(5)
5,2550,202204,222474,111274,길동(5)
5,2551,202204,242052,111274,굽은다리(5)
5,2552,202204,243273,111274,명일(5)
5,2553,202204,252699,111274,고덕(5)
5,2554,202204,367779,111274,상일동(5)
5,2555,202204,227063,111274,둔촌동(5)
5,2556,202204,109468,111273,올림픽공원(5)
5,2557,202204,195246,111273,방이(5)
5,2558,202204,99338,111273,오금(5)
5,2559,202204,178368,111273,개롱(5)
5,2560,202204,258439,111273,거여(5)
5,2561,202204,189600,111273,마천(5)
5,2562,202204,107700,111274,강일(5)
6,2611,202204,479953,111181,응암(6)
6,2612,202204,116093,111181,역촌(6)
6,2613,202204,119330,111181,불광(6)
6,2614,202204,80857,111181,독바위(6)
6,2616,202204,152926,111181,구산(6)
6,2617,202204,333465,111181,새절(6)
6,2618,202204,276521,111181,증산(6)
6,2619,202204,387181,111181,디지털미디어시티(6)
6,2620,202204,147311,111201,월드컵경기장(6)
6,2621,202204,335996,111201,마포구청(6)
6,2622,202204,424936,111201,망원(6)
6,2623,202204,367759,111201,합정(6)
6,2624,202204,287113,111201,상수(6)
6,2625,202204,226859,111201,광흥창(6)
6,2626,202204,231090,111201,대흥(6)
6,2627,202204,455853,111201,공덕(6)
6,2628,202204,177879,111131,효창공원앞(6)
6,2629,202204,156211,111131,삼각지(6)
6,2630,202204,148478,111131,녹사평(6)
6,2631,202204,364213,111131,이태원(6)
6,2632,202204,276501,111131,한강진(6)
6,2633,202204,57523,111121,버티고개(6)
6,2634,202204,97611,111121,약수(6)
6,2635,202204,103997,111121,청구(6)
6,2636,202204,234622,111121,신당(6)
6,2637,202204,230071,111123,동묘앞(6)
6,2638,202204,80645,111123,창신(6)
6,2639,202204,182724,111161,보문(6)
6,2640,202204,338547,111161,안암(6)
6,2641,202204,221167,111161,고려대(6)
6,2642,202204,313264,111161,월곡(6)
6,2643,202204,155732,111161,상월곡(6)
6,2644,202204,236746,111161,돌곶이(6)
6,2645,202204,351277,111311,석계(6)
6,2646,202204,169990,111311,태릉입구(6)
6,2647,202204,256057,111311,화랑대(6)
6,2648,202204,224866,111151,봉화산(6)
7,2712,202204,315911,111171,도봉산(7)
7,2713,202204,345989,111311,수락산(7)
7,2714,202204,325027,111311,마들(7)
7,2715,202204,552411,111311,노원(7)
7,2716,202204,359861,111311,중계(7)
7,2717,202204,458451,111311,하계(7)
7,2718,202204,342290,111311,공릉(7)
7,2719,202204,233724,111311,태릉입구(7)
7,2720,202204,267189,111151,먹골(7)
7,2721,202204,284830,111151,중화(7)
7,2722,202204,433283,111151,상봉(7)
7,2723,202204,422832,111151,면목(7)
7,2724,202204,441013,111151,사가정(7)
7,2725,202204,165181,111151,용마산(7)
7,2726,202204,271534,111141,중곡(7)
7,2727,202204,320716,111141,군자(7)
7,2728,202204,435428,111141,어린이대공원(7)
7,2729,202204,381486,111141,건대입구(7)
7,2730,202204,338781,111141,뚝섬유원지(7)
7,2731,202204,552885,111261,청담(7)
7,2732,202204,458715,111261,강남구청(7)
7,2733,202204,628889,111261,학동(7)
7,2734,202204,555530,111261,논현(7)
7,2735,202204,154557,111262,반포(7)
7,2736,202204,366769,111262,고속터미널(7)
7,2737,202204,378410,111262,내방(7)
7,2738,202204,413424,111241,이수(7)
7,2739,202204,275957,111241,남성(7)
7,2740,202204,388332,111241,숭실대입구(7)
7,2741,202204,289664,111241,상도(7)
7,2742,202204,233298,111241,장승배기(7)
7,2743,202204,426787,111241,신대방삼거리(7)
7,2744,202204,266661,111241,보라매(7)
7,2745,202204,304476,111231,신풍(7)
7,2746,202204,222907,111231,대림(7)
7,2747,202204,417541,111221,남구로(7)
7,2748,202204,1072699,111281,가산디지털단지(7)
7,2751,202204,287158,111221,천왕(7)
7,2752,202204,269617,111221,온수(7)
8,2811,202204,445983,111274,암사(8)
8,2812,202204,468995,111274,천호(8)
8,2813,202204,276804,111274,강동구청(8)
8,2814,202204,175535,111273,몽촌토성(8)
8,2815,202204,506642,111273,잠실(8)
8,2816,202204,273500,111273,석촌(8)
8,2817,202204,214824,111273,송파(8)
8,2818,202204,229775,111273,가락시장(8)
8,2819,202204,561452,111273,문정(8)
8,2820,202204,443955,111273,장지(8)
8,2821,202204,225271,111273,복정(8)
9,4126,202204,47832,111261,언주(9)
9,4127,202204,42942,111261,선정릉(9)
9,4128,202204,33246,111261,삼성중앙(9)
9,4129,202204,76138,111261,봉은사(9)
9,4130,202204,19079,111273,종합운동장(9)
9,4131,202204,43015,111273,삼전(9)
9,4132,202204,37108,111273,석촌고분(9)
9,4133,202204,48555,111273,석촌(9)
9,4134,202204,41650,111273,송파나루(9)
9,4135,202204,21309,111273,한성백제(9)
9,4136,202204,39874,111273,올림픽공원(9)
9,4137,202204,10429,111274,둔촌오륜(9)
9,4138,202204,54774,111274,중앙보훈병원(9)
1,150,202205,1366591,111121,서울역(1)
1,151,202205,658279,111121,시청(1)
1,152,202205,974712,111123,종각(1)
1,153,202205,720897,111123,종로3가(1)
1,154,202205,675247,111123,종로5가(1)
1,155,202205,346998,111123,동대문(1)
1,156,202205,393349,111152,신설동(1)
1,157,202205,524263,111152,제기동(1)
1,158,202205,620038,111152,청량리(1)
1,159,202205,319554,111123,동묘앞(1)
2,201,202205,606214,111121,시청(2)
2,202,202205,1130909,111121,을지로입구(2)
2,203,202205,641773,111121,을지로3가(2)
2,204,202205,356582,111121,을지로4가(2)
2,205,202205,442654,111121,동대문역사문화공원(2)
2,206,202205,434386,111121,신당(2)
2,207,202205,396122,111142,상왕십리(2)
2,208,202205,429714,111142,왕십리(2)
2,209,202205,454255,111142,한양대(2)
2,210,202205,692200,111142,뚝섬(2)
2,211,202205,1138897,111142,성수(2)
2,212,202205,1249058,111141,건대입구(2)
2,213,202205,657066,111141,구의(2)
2,214,202205,946081,111141,강변(2)
2,215,202205,402209,111273,잠실나루(2)
2,216,202205,2170807,111273,잠실(2)
2,217,202205,647725,111273,잠실새내(2)
2,218,202205,483448,111273,종합운동장(2)
2,219,202205,1456017,111261,삼성(2)
2,220,202205,1317615,111261,선릉(2)
2,221,202205,1491198,111261,역삼(2)
2,222,202205,2364056,111261,강남(2)
2,223,202205,1054506,111262,교대(2)
2,224,202205,579169,111262,서초(2)
2,225,202205,543759,111262,방배(2)
2,226,202205,1303682,111241,사당(2)
2,227,202205,789405,111251,낙성대(2)
2,228,202205,1397809,111251,서울대입구(2)
2,229,202205,629029,111251,봉천(2)
2,230,202205,1808289,111251,신림(2)
2,231,202205,763841,111241,신대방(2)
2,232,202205,1622434,111221,구로디지털단지(2)
2,233,202205,731321,111221,대림(2)
2,234,202205,1456051,111221,신도림(2)
2,235,202205,627994,111231,문래(2)
2,236,202205,635898,111231,영등포구청(2)
2,237,202205,636530,111231,당산(2)
2,238,202205,1041508,111201,합정(2)
2,239,202205,2014237,111201,홍대입구(2)
2,240,202205,1063692,111201,신촌(2)
2,241,202205,441007,111201,이대(2)
2,242,202205,292997,111201,아현(2)
2,243,202205,294655,111191,충정로(2)
2,244,202205,95835,111142,용답(2)
2,245,202205,53323,111142,신답(2)
2,246,202205,109190,111152,신설동(2)
2,247,202205,39466,111221,도림천(2)
2,248,202205,206923,111301,양천구청(2)
2,249,202205,311631,111301,신정네거리(2)
2,250,202205,68573,111152,용두(2)
3,310,202205,614372,111181,구파발(3)
3,311,202205,1030176,111181,연신내(3)
3,312,202205,532746,111181,불광(3)
3,313,202205,402515,111181,녹번(3)
3,314,202205,504683,111191,홍제(3)
3,315,202205,120121,111191,무악재(3)
3,316,202205,241038,111191,독립문(3)
3,317,202205,886867,111123,경복궁(3)
3,318,202205,745264,111123,안국(3)
3,319,202205,345204,111123,종로3가(3)
3,320,202205,303918,111121,을지로3가(3)
3,322,202205,301186,111121,동대입구(3)
3,323,202205,372210,111121,약수(3)
3,324,202205,215804,111142,금호(3)
3,325,202205,282408,111142,옥수(3)
3,326,202205,973227,111261,압구정(3)
3,327,202205,932156,111261,신사(3)
3,328,202205,140253,111262,잠원(3)
3,329,202205,1433054,111262,고속터미널(3)
3,330,202205,262827,111262,교대(3)
3,331,202205,871821,111262,남부터미널(3)
3,332,202205,1172155,111262,양재(3)
3,333,202205,332329,111261,매봉(3)
3,334,202205,159736,111261,도곡(3)
3,335,202205,321799,111261,대치(3)
3,336,202205,86375,111261,학여울(3)
3,337,202205,267227,111261,대청(3)
3,338,202205,278706,111261,일원(3)
3,339,202205,533421,111261,수서(3)
3,340,202205,253730,111273,가락시장(3)
3,341,202205,200346,111273,경찰병원(3)
3,342,202205,163371,111273,오금(3)
4,409,202205,253519,111311,당고개(4)
4,410,202205,536356,111311,상계(4)
4,411,202205,658955,111311,노원(4)
4,412,202205,810901,111171,창동(4)
4,413,202205,783574,111171,쌍문(4)
4,414,202205,1009941,111291,수유(4)
4,415,202205,427784,111291,미아(4)
4,416,202205,791389,111291,미아사거리(4)
4,417,202205,629486,111161,길음(4)
4,418,202205,609769,111161,성신여대입구(4)
4,419,202205,429146,111161,한성대입구(4)
4,420,202205,1073360,111123,혜화(4)
4,421,202205,587551,111123,동대문(4)
4,422,202205,404130,111121,동대문역사문화공원(4)
4,423,202205,799569,111121,충무로(4)
4,424,202205,652032,111121,명동(4)
4,425,202205,770700,111121,회현(4)
4,426,202205,553649,111131,서울역(4)
4,427,202205,406857,111131,숙대입구(4)
4,428,202205,188929,111131,삼각지(4)
4,429,202205,528477,111131,신용산(4)
4,430,202205,312016,111131,이촌(4)
4,431,202205,80550,111241,동작(4)
4,432,202205,616940,111241,이수(4)
4,433,202205,701804,111241,사당(4)
4,434,202205,33800,111262,남태령(4)
5,2511,202205,191280,111212,방화(5)
5,2512,202205,157223,111212,개화산(5)
5,2513,202205,243416,111212,김포공항(5)
5,2514,202205,183368,111212,송정(5)
5,2515,202205,294784,111212,마곡(5)
5,2516,202205,617179,111212,발산(5)
5,2517,202205,418117,111212,우장산(5)
5,2518,202205,766864,111212,화곡(5)
5,2519,202205,799377,111212,까치산(5)
5,2520,202205,324215,111301,신정(5)
5,2521,202205,510750,111301,목동(5)
5,2522,202205,673348,111301,오목교(5)
5,2523,202205,198208,111231,양평(5)
5,2524,202205,118254,111231,영등포구청(5)
5,2525,202205,308046,111231,영등포시장(5)
5,2526,202205,124478,111231,신길(5)
5,2527,202205,811999,111231,여의도(5)
5,2528,202205,574897,111231,여의나루(5)
5,2529,202205,401652,111201,마포(5)
5,2530,202205,409558,111201,공덕(5)
5,2531,202205,186676,111201,애오개(5)
5,2532,202205,126493,111191,충정로(5)
5,2533,202205,531651,111123,서대문(5)
5,2534,202205,908793,111123,광화문(5)
5,2535,202205,417516,111123,종로3가(5)
5,2536,202205,174901,111121,을지로4가(5)
5,2537,202205,87582,111121,동대문역사문화공원(5)
5,2538,202205,103698,111121,청구(5)
5,2539,202205,193580,111142,신금호(5)
5,2540,202205,206975,111142,행당(5)
5,2541,202205,162067,111142,왕십리(5)
5,2542,202205,159179,111142,마장(5)
5,2543,202205,426378,111142,답십리(5)
5,2544,202205,511586,111152,장한평(5)
5,2545,202205,368841,111141,군자(5)
5,2546,202205,462299,111141,아차산(5)
5,2547,202205,381071,111141,광나루(5)
5,2548,202205,562630,111274,천호(5)
5,2549,202205,513854,111274,강동(5)
5,2550,202205,240439,111274,길동(5)
5,2551,202205,271453,111274,굽은다리(5)
5,2552,202205,265498,111274,명일(5)
5,2553,202205,278955,111274,고덕(5)
5,2554,202205,399593,111274,상일동(5)
5,2555,202205,240669,111274,둔촌동(5)
5,2556,202205,130987,111273,올림픽공원(5)
5,2557,202205,211896,111273,방이(5)
5,2558,202205,107298,111273,오금(5)
5,2559,202205,192932,111273,개롱(5)
5,2560,202205,283527,111273,거여(5)
5,2561,202205,206151,111273,마천(5)
5,2562,202205,122053,111274,강일(5)
6,2611,202205,503733,111181,응암(6)
6,2612,202205,125083,111181,역촌(6)
6,2613,202205,130088,111181,불광(6)
6,2614,202205,86240,111181,독바위(6)
6,2616,202205,162109,111181,구산(6)
6,2617,202205,353586,111181,새절(6)
6,2618,202205,294147,111181,증산(6)
6,2619,202205,430704,111181,디지털미디어시티(6)
6,2620,202205,192199,111201,월드컵경기장(6)
6,2621,202205,363643,111201,마포구청(6)
6,2622,202205,461197,111201,망원(6)
6,2623,202205,409329,111201,합정(6)
6,2624,202205,324443,111201,상수(6)
6,2625,202205,248455,111201,광흥창(6)
6,2626,202205,256539,111201,대흥(6)
6,2627,202205,500031,111201,공덕(6)
6,2628,202205,194304,111131,효창공원앞(6)
6,2629,202205,188332,111131,삼각지(6)
6,2630,202205,170880,111131,녹사평(6)
6,2631,202205,426481,111131,이태원(6)
6,2632,202205,320472,111131,한강진(6)
6,2633,202205,63645,111121,버티고개(6)
6,2634,202205,106207,111121,약수(6)
6,2635,202205,108339,111121,청구(6)
6,2636,202205,250360,111121,신당(6)
6,2637,202205,256650,111123,동묘앞(6)
6,2638,202205,87832,111123,창신(6)
6,2639,202205,200963,111161,보문(6)
6,2640,202205,415940,111161,안암(6)
6,2641,202205,249247,111161,고려대(6)
6,2642,202205,341002,111161,월곡(6)
6,2643,202205,173144,111161,상월곡(6)
6,2644,202205,257271,111161,돌곶이(6)
6,2645,202205,382476,111311,석계(6)
6,2646,202205,224582,111311,태릉입구(6)
6,2647,202205,281001,111311,화랑대(6)
6,2648,202205,243942,111151,봉화산(6)
7,2712,202205,342822,111171,도봉산(7)
7,2713,202205,377692,111311,수락산(7)
7,2714,202205,351058,111311,마들(7)
7,2715,202205,619678,111311,노원(7)
7,2716,202205,388912,111311,중계(7)
7,2717,202205,494555,111311,하계(7)
7,2718,202205,368349,111311,공릉(7)
7,2719,202205,301922,111311,태릉입구(7)
7,2720,202205,289944,111151,먹골(7)
7,2721,202205,309298,111151,중화(7)
7,2722,202205,472391,111151,상봉(7)
7,2723,202205,449958,111151,면목(7)
7,2724,202205,473185,111151,사가정(7)
7,2725,202205,176240,111151,용마산(7)
7,2726,202205,291084,111141,중곡(7)
7,2727,202205,343300,111141,군자(7)
7,2728,202205,496643,111141,어린이대공원(7)
7,2729,202205,429678,111141,건대입구(7)
7,2730,202205,382392,111141,뚝섬유원지(7)
7,2731,202205,596985,111261,청담(7)
7,2732,202205,492331,111261,강남구청(7)
7,2733,202205,669103,111261,학동(7)
7,2734,202205,593334,111261,논현(7)
7,2735,202205,170425,111262,반포(7)
7,2736,202205,414717,111262,고속터미널(7)
7,2737,202205,412954,111262,내방(7)
7,2738,202205,455508,111241,이수(7)
7,2739,202205,299728,111241,남성(7)
7,2740,202205,421412,111241,숭실대입구(7)
7,2741,202205,321502,111241,상도(7)
7,2742,202205,252688,111241,장승배기(7)
7,2743,202205,456388,111241,신대방삼거리(7)
7,2744,202205,287746,111241,보라매(7)
7,2745,202205,329277,111231,신풍(7)
7,2746,202205,251577,111231,대림(7)
7,2747,202205,447319,111221,남구로(7)
7,2748,202205,1129291,111281,가산디지털단지(7)
7,2751,202205,309686,111221,천왕(7)
7,2752,202205,289938,111221,온수(7)
8,2811,202205,476744,111274,암사(8)
8,2812,202205,507871,111274,천호(8)
8,2813,202205,296579,111274,강동구청(8)
8,2814,202205,200185,111273,몽촌토성(8)
8,2815,202205,522571,111273,잠실(8)
8,2816,202205,263653,111273,석촌(8)
8,2817,202205,235851,111273,송파(8)
8,2818,202205,244045,111273,가락시장(8)
8,2819,202205,588560,111273,문정(8)
8,2820,202205,474948,111273,장지(8)
8,2821,202205,244613,111273,복정(8)
9,4126,202205,51287,111261,언주(9)
9,4127,202205,46618,111261,선정릉(9)
9,4128,202205,36473,111261,삼성중앙(9)
9,4129,202205,87313,111261,봉은사(9)
9,4130,202205,21345,111273,종합운동장(9)
9,4131,202205,46658,111273,삼전(9)
9,4132,202205,39068,111273,석촌고분(9)
9,4133,202205,50394,111273,석촌(9)
9,4134,202205,43249,111273,송파나루(9)
9,4135,202205,23203,111273,한성백제(9)
9,4136,202205,44540,111273,올림픽공원(9)
9,4137,202205,10772,111274,둔촌오륜(9)
9,4138,202205,59953,111274,중앙보훈병원(9)
1,150,202206,1315763,111121,서울역(1)
1,151,202206,624554,111121,시청(1)
1,152,202206,940829,111123,종각(1)
1,153,202206,688964,111123,종로3가(1)
1,154,202206,650869,111123,종로5가(1)
1,155,202206,320413,111123,동대문(1)
1,156,202206,362789,111152,신설동(1)
1,157,202206,493838,111152,제기동(1)
1,158,202206,578300,111152,청량리(1)
1,159,202206,283125,111123,동묘앞(1)
2,201,202206,574942,111121,시청(2)
2,202,202206,1097460,111121,을지로입구(2)
2,203,202206,616025,111121,을지로3가(2)
2,204,202206,345655,111121,을지로4가(2)
2,205,202206,431197,111121,동대문역사문화공원(2)
2,206,202206,410277,111121,신당(2)
2,207,202206,382075,111142,상왕십리(2)
2,208,202206,394834,111142,왕십리(2)
2,209,202206,310932,111142,한양대(2)
2,210,202206,655608,111142,뚝섬(2)
2,211,202206,1076016,111142,성수(2)
2,212,202206,1119393,111141,건대입구(2)
2,213,202206,632540,111141,구의(2)
2,214,202206,896131,111141,강변(2)
2,215,202206,383206,111273,잠실나루(2)
2,216,202206,2028396,111273,잠실(2)
2,217,202206,616580,111273,잠실새내(2)
2,218,202206,441176,111273,종합운동장(2)
2,219,202206,1466875,111261,삼성(2)
2,220,202206,1285855,111261,선릉(2)
2,221,202206,1473736,111261,역삼(2)
2,222,202206,2182162,111261,강남(2)
2,223,202206,1012875,111262,교대(2)
2,224,202206,559773,111262,서초(2)
2,225,202206,489500,111262,방배(2)
2,226,202206,1245557,111241,사당(2)
2,227,202206,748376,111251,낙성대(2)
2,228,202206,1285144,111251,서울대입구(2)
2,229,202206,615690,111251,봉천(2)
2,230,202206,1612560,111251,신림(2)
2,231,202206,706581,111241,신대방(2)
2,232,202206,1570697,111221,구로디지털단지(2)
2,233,202206,701346,111221,대림(2)
2,234,202206,1383906,111221,신도림(2)
2,235,202206,606816,111231,문래(2)
2,236,202206,604864,111231,영등포구청(2)
2,237,202206,589608,111231,당산(2)
2,238,202206,981060,111201,합정(2)
2,239,202206,1868592,111201,홍대입구(2)
2,240,202206,998589,111201,신촌(2)
2,241,202206,406981,111201,이대(2)
2,242,202206,278038,111201,아현(2)
2,243,202206,280961,111191,충정로(2)
2,244,202206,84598,111142,용답(2)
2,245,202206,52146,111142,신답(2)
2,246,202206,103366,111152,신설동(2)
2,247,202206,38357,111221,도림천(2)
2,248,202206,199178,111301,양천구청(2)
2,249,202206,295604,111301,신정네거리(2)
2,250,202206,66087,111152,용두(2)
3,310,202206,579602,111181,구파발(3)
3,311,202206,969732,111181,연신내(3)
3,312,202206,497619,111181,불광(3)
3,313,202206,382158,111181,녹번(3)
3,314,202206,468291,111191,홍제(3)
3,315,202206,112175,111191,무악재(3)
3,316,202206,216332,111191,독립문(3)
3,317,202206,775383,111123,경복궁(3)
3,318,202206,677065,111123,안국(3)
3,319,202206,328791,111123,종로3가(3)
3,320,202206,288422,111121,을지로3가(3)
3,322,202206,274680,111121,동대입구(3)
3,323,202206,353117,111121,약수(3)
3,324,202206,206867,111142,금호(3)
3,325,202206,267789,111142,옥수(3)
3,326,202206,949766,111261,압구정(3)
3,327,202206,840508,111261,신사(3)
3,328,202206,131108,111262,잠원(3)
3,329,202206,1336554,111262,고속터미널(3)
3,330,202206,247886,111262,교대(3)
3,331,202206,825230,111262,남부터미널(3)
3,332,202206,1090347,111262,양재(3)
3,333,202206,320523,111261,매봉(3)
3,334,202206,149258,111261,도곡(3)
3,335,202206,310948,111261,대치(3)
3,336,202206,68102,111261,학여울(3)
3,337,202206,260410,111261,대청(3)
3,338,202206,272276,111261,일원(3)
3,339,202206,512400,111261,수서(3)
3,340,202206,241694,111273,가락시장(3)
3,341,202206,194509,111273,경찰병원(3)
3,342,202206,153399,111273,오금(3)
4,409,202206,233293,111311,당고개(4)
4,410,202206,500064,111311,상계(4)
4,411,202206,606595,111311,노원(4)
4,412,202206,762772,111171,창동(4)
4,413,202206,737066,111171,쌍문(4)
4,414,202206,945133,111291,수유(4)
4,415,202206,401272,111291,미아(4)
4,416,202206,743977,111291,미아사거리(4)
4,417,202206,576706,111161,길음(4)
4,418,202206,556197,111161,성신여대입구(4)
4,419,202206,381434,111161,한성대입구(4)
4,420,202206,960719,111123,혜화(4)
4,421,202206,558404,111123,동대문(4)
4,422,202206,391037,111121,동대문역사문화공원(4)
4,423,202206,744854,111121,충무로(4)
4,424,202206,612664,111121,명동(4)
4,425,202206,717240,111121,회현(4)
4,426,202206,530165,111131,서울역(4)
4,427,202206,370852,111131,숙대입구(4)
4,428,202206,187351,111131,삼각지(4)
4,429,202206,515991,111131,신용산(4)
4,430,202206,289859,111131,이촌(4)
4,431,202206,72625,111241,동작(4)
4,432,202206,580298,111241,이수(4)
4,433,202206,659096,111241,사당(4)
4,434,202206,33336,111262,남태령(4)
5,2511,202206,182422,111212,방화(5)
5,2512,202206,151747,111212,개화산(5)
5,2513,202206,233800,111212,김포공항(5)
5,2514,202206,174475,111212,송정(5)
5,2515,202206,282040,111212,마곡(5)
5,2516,202206,588511,111212,발산(5)
5,2517,202206,396936,111212,우장산(5)
5,2518,202206,730621,111212,화곡(5)
5,2519,202206,763770,111212,까치산(5)
5,2520,202206,313954,111301,신정(5)
5,2521,202206,492111,111301,목동(5)
5,2522,202206,638487,111301,오목교(5)
5,2523,202206,192956,111231,양평(5)
5,2524,202206,114265,111231,영등포구청(5)
5,2525,202206,300215,111231,영등포시장(5)
5,2526,202206,121853,111231,신길(5)
5,2527,202206,771030,111231,여의도(5)
5,2528,202206,397491,111231,여의나루(5)
5,2529,202206,388429,111201,마포(5)
5,2530,202206,397062,111201,공덕(5)
5,2531,202206,178182,111201,애오개(5)
5,2532,202206,119145,111191,충정로(5)
5,2533,202206,502766,111123,서대문(5)
5,2534,202206,869594,111123,광화문(5)
5,2535,202206,386147,111123,종로3가(5)
5,2536,202206,168494,111121,을지로4가(5)
5,2537,202206,86465,111121,동대문역사문화공원(5)
5,2538,202206,99210,111121,청구(5)
5,2539,202206,185546,111142,신금호(5)
5,2540,202206,199588,111142,행당(5)
5,2541,202206,151207,111142,왕십리(5)
5,2542,202206,148243,111142,마장(5)
5,2543,202206,409941,111142,답십리(5)
5,2544,202206,499338,111152,장한평(5)
5,2545,202206,349977,111141,군자(5)
5,2546,202206,409196,111141,아차산(5)
5,2547,202206,355131,111141,광나루(5)
5,2548,202206,527527,111274,천호(5)
5,2549,202206,494091,111274,강동(5)
5,2550,202206,230608,111274,길동(5)
5,2551,202206,258976,111274,굽은다리(5)
5,2552,202206,253982,111274,명일(5)
5,2553,202206,262949,111274,고덕(5)
5,2554,202206,379099,111274,상일동(5)
5,2555,202206,228326,111274,둔촌동(5)
5,2556,202206,118982,111273,올림픽공원(5)
5,2557,202206,204791,111273,방이(5)
5,2558,202206,102082,111273,오금(5)
5,2559,202206,185804,111273,개롱(5)
5,2560,202206,271797,111273,거여(5)
5,2561,202206,197660,111273,마천(5)
5,2562,202206,124134,111274,강일(5)
6,2611,202206,482337,111181,응암(6)
6,2612,202206,121290,111181,역촌(6)
6,2613,202206,125808,111181,불광(6)
6,2614,202206,83548,111181,독바위(6)
6,2616,202206,159567,111181,구산(6)
6,2617,202206,331113,111181,새절(6)
6,2618,202206,275931,111181,증산(6)
6,2619,202206,420115,111181,디지털미디어시티(6)
6,2620,202206,225212,111201,월드컵경기장(6)
6,2621,202206,352945,111201,마포구청(6)
6,2622,202206,430366,111201,망원(6)
6,2623,202206,388202,111201,합정(6)
6,2624,202206,303798,111201,상수(6)
6,2625,202206,240828,111201,광흥창(6)
6,2626,202206,240276,111201,대흥(6)
6,2627,202206,475851,111201,공덕(6)
6,2628,202206,180688,111131,효창공원앞(6)
6,2629,202206,183122,111131,삼각지(6)
6,2630,202206,155703,111131,녹사평(6)
6,2631,202206,397153,111131,이태원(6)
6,2632,202206,298440,111131,한강진(6)
6,2633,202206,60494,111121,버티고개(6)
6,2634,202206,101668,111121,약수(6)
6,2635,202206,102389,111121,청구(6)
6,2636,202206,237321,111121,신당(6)
6,2637,202206,236435,111123,동묘앞(6)
6,2638,202206,83094,111123,창신(6)
6,2639,202206,190408,111161,보문(6)
6,2640,202206,321981,111161,안암(6)
6,2641,202206,221912,111161,고려대(6)
6,2642,202206,312558,111161,월곡(6)
6,2643,202206,160914,111161,상월곡(6)
6,2644,202206,241382,111161,돌곶이(6)
6,2645,202206,353165,111311,석계(6)
6,2646,202206,176323,111311,태릉입구(6)
6,2647,202206,252212,111311,화랑대(6)
6,2648,202206,233283,111151,봉화산(6)
7,2712,202206,312258,111171,도봉산(7)
7,2713,202206,357894,111311,수락산(7)
7,2714,202206,338562,111311,마들(7)
7,2715,202206,581765,111311,노원(7)
7,2716,202206,366329,111311,중계(7)
7,2717,202206,464329,111311,하계(7)
7,2718,202206,328863,111311,공릉(7)
7,2719,202206,237113,111311,태릉입구(7)
7,2720,202206,275423,111151,먹골(7)
7,2721,202206,287662,111151,중화(7)
7,2722,202206,449304,111151,상봉(7)
7,2723,202206,414885,111151,면목(7)
7,2724,202206,444802,111151,사가정(7)
7,2725,202206,164031,111151,용마산(7)
7,2726,202206,281147,111141,중곡(7)
7,2727,202206,331261,111141,군자(7)
7,2728,202206,415722,111141,어린이대공원(7)
7,2729,202206,394565,111141,건대입구(7)
7,2730,202206,265886,111141,뚝섬유원지(7)
7,2731,202206,579565,111261,청담(7)
7,2732,202206,486193,111261,강남구청(7)
7,2733,202206,646555,111261,학동(7)
7,2734,202206,528312,111261,논현(7)
7,2735,202206,163788,111262,반포(7)
7,2736,202206,400547,111262,고속터미널(7)
7,2737,202206,393353,111262,내방(7)
7,2738,202206,443623,111241,이수(7)
7,2739,202206,288021,111241,남성(7)
7,2740,202206,367829,111241,숭실대입구(7)
7,2741,202206,300208,111241,상도(7)
7,2742,202206,245548,111241,장승배기(7)
7,2743,202206,406031,111241,신대방삼거리(7)
7,2744,202206,228158,111241,보라매(7)
7,2745,202206,317636,111231,신풍(7)
7,2746,202206,244595,111231,대림(7)
7,2747,202206,432229,111221,남구로(7)
7,2748,202206,1089209,111281,가산디지털단지(7)
7,2751,202206,298818,111221,천왕(7)
7,2752,202206,267370,111221,온수(7)
8,2811,202206,458496,111274,암사(8)
8,2812,202206,479764,111274,천호(8)
8,2813,202206,286989,111274,강동구청(8)
8,2814,202206,179453,111273,몽촌토성(8)
8,2815,202206,500296,111273,잠실(8)
8,2816,202206,247503,111273,석촌(8)
8,2817,202206,233154,111273,송파(8)
8,2818,202206,233399,111273,가락시장(8)
8,2819,202206,568243,111273,문정(8)
8,2820,202206,455934,111273,장지(8)
8,2821,202206,227680,111273,복정(8)
9,4126,202206,50032,111261,언주(9)
9,4127,202206,44927,111261,선정릉(9)
9,4128,202206,36482,111261,삼성중앙(9)
9,4129,202206,86863,111261,봉은사(9)
9,4130,202206,20012,111273,종합운동장(9)
9,4131,202206,45961,111273,삼전(9)
9,4132,202206,38963,111273,석촌고분(9)
9,4133,202206,48919,111273,석촌(9)
9,4134,202206,41365,111273,송파나루(9)
9,4135,202206,21823,111273,한성백제(9)
9,4136,202206,41191,111273,올림픽공원(9)
9,4137,202206,10223,111274,둔촌오륜(9)
9,4138,202206,57423,111274,중앙보훈병원(9)
1,150,202207,1339173,111121,서울역(1)
1,151,202207,657393,111121,시청(1)
1,152,202207,985824,111123,종각(1)
1,153,202207,698755,111123,종로3가(1)
1,154,202207,642341,111123,종로5가(1)
1,155,202207,319821,111123,동대문(1)
1,156,202207,377013,111152,신설동(1)
1,157,202207,496234,111152,제기동(1)
1,158,202207,580513,111152,청량리(1)
1,159,202207,280351,111123,동묘앞(1)
2,201,202207,613806,111121,시청(2)
2,202,202207,1162098,111121,을지로입구(2)
2,203,202207,642165,111121,을지로3가(2)
2,204,202207,354374,111121,을지로4가(2)
2,205,202207,449881,111121,동대문역사문화공원(2)
2,206,202207,414353,111121,신당(2)
2,207,202207,388093,111142,상왕십리(2)
2,208,202207,402038,111142,왕십리(2)
2,209,202207,221713,111142,한양대(2)
2,210,202207,666113,111142,뚝섬(2)
2,211,202207,1138953,111142,성수(2)
2,212,202207,1152266,111141,건대입구(2)
2,213,202207,645827,111141,구의(2)
2,214,202207,926268,111141,강변(2)
2,215,202207,382146,111273,잠실나루(2)
2,216,202207,2212989,111273,잠실(2)
2,217,202207,644824,111273,잠실새내(2)
2,218,202207,452319,111273,종합운동장(2)
2,219,202207,1590363,111261,삼성(2)
2,220,202207,1337009,111261,선릉(2)
2,221,202207,1520948,111261,역삼(2)
2,222,202207,2333099,111261,강남(2)
2,223,202207,1025284,111262,교대(2)
2,224,202207,577848,111262,서초(2)
2,225,202207,458127,111262,방배(2)
2,226,202207,1242380,111241,사당(2)
2,227,202207,764617,111251,낙성대(2)
2,228,202207,1319764,111251,서울대입구(2)
2,229,202207,630723,111251,봉천(2)
2,230,202207,1632136,111251,신림(2)
2,231,202207,711055,111241,신대방(2)
2,232,202207,1607975,111221,구로디지털단지(2)
2,233,202207,705700,111221,대림(2)
2,234,202207,1381249,111221,신도림(2)
2,235,202207,617511,111231,문래(2)
2,236,202207,607199,111231,영등포구청(2)
2,237,202207,581884,111231,당산(2)
2,238,202207,1024271,111201,합정(2)
2,239,202207,2042916,111201,홍대입구(2)
2,240,202207,1068373,111201,신촌(2)
2,241,202207,413626,111201,이대(2)
2,242,202207,280520,111201,아현(2)
2,243,202207,285558,111191,충정로(2)
2,244,202207,79805,111142,용답(2)
2,245,202207,53509,111142,신답(2)
2,246,202207,107914,111152,신설동(2)
2,247,202207,39999,111221,도림천(2)
2,248,202207,197492,111301,양천구청(2)
2,249,202207,299890,111301,신정네거리(2)
2,250,202207,67609,111152,용두(2)
3,310,202207,599929,111181,구파발(3)
3,311,202207,983093,111181,연신내(3)
3,312,202207,501410,111181,불광(3)
3,313,202207,382406,111181,녹번(3)
3,314,202207,462977,111191,홍제(3)
3,315,202207,111111,111191,무악재(3)
3,316,202207,206841,111191,독립문(3)
3,317,202207,637924,111123,경복궁(3)
3,318,202207,663799,111123,안국(3)
3,319,202207,337790,111123,종로3가(3)
3,320,202207,292688,111121,을지로3가(3)
3,322,202207,258106,111121,동대입구(3)
3,323,202207,352964,111121,약수(3)
3,324,202207,206441,111142,금호(3)
3,325,202207,267047,111142,옥수(3)
3,326,202207,986301,111261,압구정(3)
3,327,202207,876548,111261,신사(3)
3,328,202207,132343,111262,잠원(3)
3,329,202207,1402838,111262,고속터미널(3)
3,330,202207,250660,111262,교대(3)
3,331,202207,849472,111262,남부터미널(3)
3,332,202207,1088254,111262,양재(3)
3,333,202207,323994,111261,매봉(3)
3,334,202207,145659,111261,도곡(3)
3,335,202207,329530,111261,대치(3)
3,336,202207,68785,111261,학여울(3)
3,337,202207,259263,111261,대청(3)
3,338,202207,271635,111261,일원(3)
3,339,202207,517473,111261,수서(3)
3,340,202207,240833,111273,가락시장(3)
3,341,202207,198008,111273,경찰병원(3)
3,342,202207,155402,111273,오금(3)
4,409,202207,240494,111311,당고개(4)
4,410,202207,498854,111311,상계(4)
4,411,202207,615137,111311,노원(4)
4,412,202207,769864,111171,창동(4)
4,413,202207,743078,111171,쌍문(4)
4,414,202207,953496,111291,수유(4)
4,415,202207,395194,111291,미아(4)
4,416,202207,756501,111291,미아사거리(4)
4,417,202207,558777,111161,길음(4)
4,418,202207,551568,111161,성신여대입구(4)
4,419,202207,362841,111161,한성대입구(4)
4,420,202207,1010074,111123,혜화(4)
4,421,202207,561335,111123,동대문(4)
4,422,202207,402814,111121,동대문역사문화공원(4)
4,423,202207,713775,111121,충무로(4)
4,424,202207,614573,111121,명동(4)
4,425,202207,704279,111121,회현(4)
4,426,202207,542166,111131,서울역(4)
4,427,202207,363744,111131,숙대입구(4)
4,428,202207,177118,111131,삼각지(4)
4,429,202207,527737,111131,신용산(4)
4,430,202207,299558,111131,이촌(4)
4,431,202207,59728,111241,동작(4)
4,432,202207,583202,111241,이수(4)
4,433,202207,644640,111241,사당(4)
4,434,202207,33571,111262,남태령(4)
5,2511,202207,185674,111212,방화(5)
5,2512,202207,152171,111212,개화산(5)
5,2513,202207,248678,111212,김포공항(5)
5,2514,202207,175451,111212,송정(5)
5,2515,202207,291572,111212,마곡(5)
5,2516,202207,597085,111212,발산(5)
5,2517,202207,399798,111212,우장산(5)
5,2518,202207,740909,111212,화곡(5)
5,2519,202207,772461,111212,까치산(5)
5,2520,202207,315925,111301,신정(5)
5,2521,202207,490040,111301,목동(5)
5,2522,202207,658945,111301,오목교(5)
5,2523,202207,197208,111231,양평(5)
5,2524,202207,113877,111231,영등포구청(5)
5,2525,202207,303708,111231,영등포시장(5)
5,2526,202207,126003,111231,신길(5)
5,2527,202207,803491,111231,여의도(5)
5,2528,202207,405137,111231,여의나루(5)
5,2529,202207,391557,111201,마포(5)
5,2530,202207,401247,111201,공덕(5)
5,2531,202207,183226,111201,애오개(5)
5,2532,202207,118368,111191,충정로(5)
5,2533,202207,501399,111123,서대문(5)
5,2534,202207,881792,111123,광화문(5)
5,2535,202207,389269,111123,종로3가(5)
5,2536,202207,167237,111121,을지로4가(5)
5,2537,202207,92502,111121,동대문역사문화공원(5)
5,2538,202207,100359,111121,청구(5)
5,2539,202207,183985,111142,신금호(5)
5,2540,202207,202227,111142,행당(5)
5,2541,202207,154166,111142,왕십리(5)
5,2542,202207,146247,111142,마장(5)
5,2543,202207,418678,111142,답십리(5)
5,2544,202207,512507,111152,장한평(5)
5,2545,202207,349903,111141,군자(5)
5,2546,202207,399590,111141,아차산(5)
5,2547,202207,349201,111141,광나루(5)
5,2548,202207,542566,111274,천호(5)
5,2549,202207,501278,111274,강동(5)
5,2550,202207,236597,111274,길동(5)
5,2551,202207,269131,111274,굽은다리(5)
5,2552,202207,253296,111274,명일(5)
5,2553,202207,269802,111274,고덕(5)
5,2554,202207,384501,111274,상일동(5)
5,2555,202207,231281,111274,둔촌동(5)
5,2556,202207,105524,111273,올림픽공원(5)
5,2557,202207,207263,111273,방이(5)
5,2558,202207,100322,111273,오금(5)
5,2559,202207,188195,111273,개롱(5)
5,2560,202207,268754,111273,거여(5)
5,2561,202207,196588,111273,마천(5)
5,2562,202207,123178,111274,강일(5)
6,2611,202207,487737,111181,응암(6)
6,2612,202207,119410,111181,역촌(6)
6,2613,202207,129745,111181,불광(6)
6,2614,202207,84889,111181,독바위(6)
6,2616,202207,166245,111181,구산(6)
6,2617,202207,325662,111181,새절(6)
6,2618,202207,277635,111181,증산(6)
6,2619,202207,427459,111181,디지털미디어시티(6)
6,2620,202207,195218,111201,월드컵경기장(6)
6,2621,202207,360469,111201,마포구청(6)
6,2622,202207,441648,111201,망원(6)
6,2623,202207,399449,111201,합정(6)
6,2624,202207,315410,111201,상수(6)
6,2625,202207,243915,111201,광흥창(6)
6,2626,202207,242358,111201,대흥(6)
6,2627,202207,483207,111201,공덕(6)
6,2628,202207,175231,111131,효창공원앞(6)
6,2629,202207,176062,111131,삼각지(6)
6,2630,202207,158517,111131,녹사평(6)
6,2631,202207,416099,111131,이태원(6)
6,2632,202207,307222,111131,한강진(6)
6,2633,202207,60570,111121,버티고개(6)
6,2634,202207,103416,111121,약수(6)
6,2635,202207,103665,111121,청구(6)
6,2636,202207,234302,111121,신당(6)
6,2637,202207,238488,111123,동묘앞(6)
6,2638,202207,79498,111123,창신(6)
6,2639,202207,194213,111161,보문(6)
6,2640,202207,291218,111161,안암(6)
6,2641,202207,217389,111161,고려대(6)
6,2642,202207,313581,111161,월곡(6)
6,2643,202207,157602,111161,상월곡(6)
6,2644,202207,243411,111161,돌곶이(6)
6,2645,202207,352416,111311,석계(6)
6,2646,202207,169147,111311,태릉입구(6)
6,2647,202207,247150,111311,화랑대(6)
6,2648,202207,237418,111151,봉화산(6)
7,2712,202207,303497,111171,도봉산(7)
7,2713,202207,370323,111311,수락산(7)
7,2714,202207,343027,111311,마들(7)
7,2715,202207,612315,111311,노원(7)
7,2716,202207,364085,111311,중계(7)
7,2717,202207,468551,111311,하계(7)
7,2718,202207,329524,111311,공릉(7)
7,2719,202207,230114,111311,태릉입구(7)
7,2720,202207,282726,111151,먹골(7)
7,2721,202207,292849,111151,중화(7)
7,2722,202207,458421,111151,상봉(7)
7,2723,202207,406122,111151,면목(7)
7,2724,202207,445988,111151,사가정(7)
7,2725,202207,165938,111151,용마산(7)
7,2726,202207,282798,111141,중곡(7)
7,2727,202207,337465,111141,군자(7)
7,2728,202207,364510,111141,어린이대공원(7)
7,2729,202207,396118,111141,건대입구(7)
7,2730,202207,257558,111141,뚝섬유원지(7)
7,2731,202207,590370,111261,청담(7)
7,2732,202207,492488,111261,강남구청(7)
7,2733,202207,656033,111261,학동(7)
7,2734,202207,531954,111261,논현(7)
7,2735,202207,167727,111262,반포(7)
7,2736,202207,403141,111262,고속터미널(7)
7,2737,202207,401802,111262,내방(7)
7,2738,202207,456751,111241,이수(7)
7,2739,202207,289646,111241,남성(7)
7,2740,202207,335144,111241,숭실대입구(7)
7,2741,202207,294384,111241,상도(7)
7,2742,202207,253122,111241,장승배기(7)
7,2743,202207,407965,111241,신대방삼거리(7)
7,2744,202207,219932,111241,보라매(7)
7,2745,202207,322633,111231,신풍(7)
7,2746,202207,253744,111231,대림(7)
7,2747,202207,441463,111221,남구로(7)
7,2748,202207,1116312,111281,가산디지털단지(7)
7,2751,202207,301409,111221,천왕(7)
7,2752,202207,253912,111221,온수(7)
8,2811,202207,465069,111274,암사(8)
8,2812,202207,491745,111274,천호(8)
8,2813,202207,291773,111274,강동구청(8)
8,2814,202207,177035,111273,몽촌토성(8)
8,2815,202207,540336,111273,잠실(8)
8,2816,202207,253034,111273,석촌(8)
8,2817,202207,242937,111273,송파(8)
8,2818,202207,234184,111273,가락시장(8)
8,2819,202207,581659,111273,문정(8)
8,2820,202207,469845,111273,장지(8)
8,2821,202207,218906,111273,복정(8)
9,4126,202207,52199,111261,언주(9)
9,4127,202207,47490,111261,선정릉(9)
9,4128,202207,38546,111261,삼성중앙(9)
9,4129,202207,95218,111261,봉은사(9)
9,4130,202207,21176,111273,종합운동장(9)
9,4131,202207,48132,111273,삼전(9)
9,4132,202207,40988,111273,석촌고분(9)
9,4133,202207,50904,111273,석촌(9)
9,4134,202207,44038,111273,송파나루(9)
9,4135,202207,21930,111273,한성백제(9)
9,4136,202207,40569,111273,올림픽공원(9)
9,4137,202207,10236,111274,둔촌오륜(9)
9,4138,202207,58910,111274,중앙보훈병원(9)
1,150,202208,1308757,111121,서울역(1)
1,151,202208,649885,111121,시청(1)
1,152,202208,963022,111123,종각(1)
1,153,202208,661307,111123,종로3가(1)
1,154,202208,616993,111123,종로5가(1)
1,155,202208,295307,111123,동대문(1)
1,156,202208,358114,111152,신설동(1)
1,157,202208,493439,111152,제기동(1)
1,158,202208,566099,111152,청량리(1)
1,159,202208,261286,111123,동묘앞(1)
2,201,202208,597267,111121,시청(2)
2,202,202208,1147831,111121,을지로입구(2)
2,203,202208,623713,111121,을지로3가(2)
2,204,202208,351501,111121,을지로4가(2)
2,205,202208,424713,111121,동대문역사문화공원(2)
2,206,202208,403278,111121,신당(2)
2,207,202208,376537,111142,상왕십리(2)
2,208,202208,383640,111142,왕십리(2)
2,209,202208,202956,111142,한양대(2)
2,210,202208,650811,111142,뚝섬(2)
2,211,202208,1105060,111142,성수(2)
2,212,202208,1093327,111141,건대입구(2)
2,213,202208,629963,111141,구의(2)
2,214,202208,901206,111141,강변(2)
2,215,202208,377036,111273,잠실나루(2)
2,216,202208,2087236,111273,잠실(2)
2,217,202208,616035,111273,잠실새내(2)
2,218,202208,397422,111273,종합운동장(2)
2,219,202208,1479875,111261,삼성(2)
2,220,202208,1297526,111261,선릉(2)
2,221,202208,1494004,111261,역삼(2)
2,222,202208,2152978,111261,강남(2)
2,223,202208,982996,111262,교대(2)
2,224,202208,553058,111262,서초(2)
2,225,202208,439665,111262,방배(2)
2,226,202208,1164182,111241,사당(2)
2,227,202208,738734,111251,낙성대(2)
2,228,202208,1267303,111251,서울대입구(2)
2,229,202208,618861,111251,봉천(2)
2,230,202208,1566109,111251,신림(2)
2,231,202208,683590,111241,신대방(2)
2,232,202208,1557588,111221,구로디지털단지(2)
2,233,202208,684030,111221,대림(2)
2,234,202208,1330414,111221,신도림(2)
2,235,202208,599311,111231,문래(2)
2,236,202208,595227,111231,영등포구청(2)
2,237,202208,561948,111231,당산(2)
2,238,202208,988158,111201,합정(2)
2,239,202208,1943348,111201,홍대입구(2)
2,240,202208,1014872,111201,신촌(2)
2,241,202208,395222,111201,이대(2)
2,242,202208,272510,111201,아현(2)
2,243,202208,279703,111191,충정로(2)
2,244,202208,78458,111142,용답(2)
2,245,202208,51673,111142,신답(2)
2,246,202208,99599,111152,신설동(2)
2,247,202208,38732,111221,도림천(2)
2,248,202208,191330,111301,양천구청(2)
2,249,202208,288558,111301,신정네거리(2)
2,250,202208,67653,111152,용두(2)
3,310,202208,570833,111181,구파발(3)
3,311,202208,946481,111181,연신내(3)
3,312,202208,479535,111181,불광(3)
3,313,202208,371178,111181,녹번(3)
3,314,202208,448471,111191,홍제(3)
3,315,202208,107268,111191,무악재(3)
3,316,202208,202622,111191,독립문(3)
3,317,202208,606647,111123,경복궁(3)
3,318,202208,631100,111123,안국(3)
3,319,202208,317369,111123,종로3가(3)
3,320,202208,281655,111121,을지로3가(3)
3,322,202208,257905,111121,동대입구(3)
3,323,202208,342845,111121,약수(3)
3,324,202208,201922,111142,금호(3)
3,325,202208,259399,111142,옥수(3)
3,326,202208,943914,111261,압구정(3)
3,327,202208,833201,111261,신사(3)
3,328,202208,128687,111262,잠원(3)
3,329,202208,1322085,111262,고속터미널(3)
3,330,202208,242524,111262,교대(3)
3,331,202208,813746,111262,남부터미널(3)
3,332,202208,1044475,111262,양재(3)
3,333,202208,309725,111261,매봉(3)
3,334,202208,140566,111261,도곡(3)
3,335,202208,323945,111261,대치(3)
3,336,202208,75103,111261,학여울(3)
3,337,202208,256593,111261,대청(3)
3,338,202208,268149,111261,일원(3)
3,339,202208,501174,111261,수서(3)
3,340,202208,236635,111273,가락시장(3)
3,341,202208,195728,111273,경찰병원(3)
3,342,202208,151199,111273,오금(3)
4,409,202208,233501,111311,당고개(4)
4,410,202208,481871,111311,상계(4)
4,411,202208,589617,111311,노원(4)
4,412,202208,740005,111171,창동(4)
4,413,202208,723196,111171,쌍문(4)
4,414,202208,924776,111291,수유(4)
4,415,202208,384005,111291,미아(4)
4,416,202208,723702,111291,미아사거리(4)
4,417,202208,540421,111161,길음(4)
4,418,202208,534539,111161,성신여대입구(4)
4,419,202208,351101,111161,한성대입구(4)
4,420,202208,981347,111123,혜화(4)
4,421,202208,503726,111123,동대문(4)
4,422,202208,387208,111121,동대문역사문화공원(4)
4,423,202208,691612,111121,충무로(4)
4,424,202208,619825,111121,명동(4)
4,425,202208,654668,111121,회현(4)
4,426,202208,527064,111131,서울역(4)
4,427,202208,352274,111131,숙대입구(4)
4,428,202208,176806,111131,삼각지(4)
4,429,202208,517698,111131,신용산(4)
4,430,202208,306167,111131,이촌(4)
4,431,202208,61242,111241,동작(4)
4,432,202208,558575,111241,이수(4)
4,433,202208,604088,111241,사당(4)
4,434,202208,32724,111262,남태령(4)
5,2511,202208,179131,111212,방화(5)
5,2512,202208,147447,111212,개화산(5)
5,2513,202208,232638,111212,김포공항(5)
5,2514,202208,168844,111212,송정(5)
5,2515,202208,282414,111212,마곡(5)
5,2516,202208,576375,111212,발산(5)
5,2517,202208,390530,111212,우장산(5)
5,2518,202208,722914,111212,화곡(5)
5,2519,202208,749853,111212,까치산(5)
5,2520,202208,305358,111301,신정(5)
5,2521,202208,478446,111301,목동(5)
5,2522,202208,641217,111301,오목교(5)
5,2523,202208,192438,111231,양평(5)
5,2524,202208,112994,111231,영등포구청(5)
5,2525,202208,293359,111231,영등포시장(5)
5,2526,202208,122588,111231,신길(5)
5,2527,202208,805109,111231,여의도(5)
5,2528,202208,409660,111231,여의나루(5)
5,2529,202208,382530,111201,마포(5)
5,2530,202208,390186,111201,공덕(5)
5,2531,202208,176367,111201,애오개(5)
5,2532,202208,119741,111191,충정로(5)
5,2533,202208,492338,111123,서대문(5)
5,2534,202208,920645,111123,광화문(5)
5,2535,202208,373840,111123,종로3가(5)
5,2536,202208,164549,111121,을지로4가(5)
5,2537,202208,93629,111121,동대문역사문화공원(5)
5,2538,202208,97103,111121,청구(5)
5,2539,202208,177326,111142,신금호(5)
5,2540,202208,197574,111142,행당(5)
5,2541,202208,146225,111142,왕십리(5)
5,2542,202208,143096,111142,마장(5)
5,2543,202208,416756,111142,답십리(5)
5,2544,202208,496180,111152,장한평(5)
5,2545,202208,338834,111141,군자(5)
5,2546,202208,386607,111141,아차산(5)
5,2547,202208,344817,111141,광나루(5)
5,2548,202208,519495,111274,천호(5)
5,2549,202208,491123,111274,강동(5)
5,2550,202208,230262,111274,길동(5)
5,2551,202208,255940,111274,굽은다리(5)
5,2552,202208,244246,111274,명일(5)
5,2553,202208,260833,111274,고덕(5)
5,2554,202208,373041,111274,상일동(5)
5,2555,202208,223706,111274,둔촌동(5)
5,2556,202208,120575,111273,올림픽공원(5)
5,2557,202208,201719,111273,방이(5)
5,2558,202208,97060,111273,오금(5)
5,2559,202208,181177,111273,개롱(5)
5,2560,202208,258714,111273,거여(5)
5,2561,202208,189691,111273,마천(5)
5,2562,202208,120658,111274,강일(5)
6,2611,202208,470674,111181,응암(6)
6,2612,202208,120012,111181,역촌(6)
6,2613,202208,123477,111181,불광(6)
6,2614,202208,81394,111181,독바위(6)
6,2616,202208,162004,111181,구산(6)
6,2617,202208,314426,111181,새절(6)
6,2618,202208,267940,111181,증산(6)
6,2619,202208,419585,111181,디지털미디어시티(6)
6,2620,202208,152672,111201,월드컵경기장(6)
6,2621,202208,352351,111201,마포구청(6)
6,2622,202208,435660,111201,망원(6)
6,2623,202208,380934,111201,합정(6)
6,2624,202208,307396,111201,상수(6)
6,2625,202208,238679,111201,광흥창(6)
6,2626,202208,232368,111201,대흥(6)
6,2627,202208,473862,111201,공덕(6)
6,2628,202208,171554,111131,효창공원앞(6)
6,2629,202208,170183,111131,삼각지(6)
6,2630,202208,152319,111131,녹사평(6)
6,2631,202208,402029,111131,이태원(6)
6,2632,202208,288833,111131,한강진(6)
6,2633,202208,59599,111121,버티고개(6)
6,2634,202208,98739,111121,약수(6)
6,2635,202208,100772,111121,청구(6)
6,2636,202208,227469,111121,신당(6)
6,2637,202208,225901,111123,동묘앞(6)
6,2638,202208,77669,111123,창신(6)
6,2639,202208,186210,111161,보문(6)
6,2640,202208,284444,111161,안암(6)
6,2641,202208,208405,111161,고려대(6)
6,2642,202208,305819,111161,월곡(6)
6,2643,202208,152865,111161,상월곡(6)
6,2644,202208,238118,111161,돌곶이(6)
6,2645,202208,343298,111311,석계(6)
6,2646,202208,163930,111311,태릉입구(6)
6,2647,202208,237054,111311,화랑대(6)
6,2648,202208,229361,111151,봉화산(6)
7,2712,202208,287148,111171,도봉산(7)
7,2713,202208,353763,111311,수락산(7)
7,2714,202208,333545,111311,마들(7)
7,2715,202208,583516,111311,노원(7)
7,2716,202208,348067,111311,중계(7)
7,2717,202208,449177,111311,하계(7)
7,2718,202208,312192,111311,공릉(7)
7,2719,202208,221494,111311,태릉입구(7)
7,2720,202208,275063,111151,먹골(7)
7,2721,202208,281367,111151,중화(7)
7,2722,202208,443806,111151,상봉(7)
7,2723,202208,396423,111151,면목(7)
7,2724,202208,431361,111151,사가정(7)
7,2725,202208,160219,111151,용마산(7)
7,2726,202208,275881,111141,중곡(7)
7,2727,202208,328886,111141,군자(7)
7,2728,202208,374304,111141,어린이대공원(7)
7,2729,202208,380897,111141,건대입구(7)
7,2730,202208,251438,111141,뚝섬유원지(7)
7,2731,202208,576200,111261,청담(7)
7,2732,202208,485694,111261,강남구청(7)
7,2733,202208,643287,111261,학동(7)
7,2734,202208,512164,111261,논현(7)
7,2735,202208,162761,111262,반포(7)
7,2736,202208,385848,111262,고속터미널(7)
7,2737,202208,390342,111262,내방(7)
7,2738,202208,417149,111241,이수(7)
7,2739,202208,285273,111241,남성(7)
7,2740,202208,322717,111241,숭실대입구(7)
7,2741,202208,285832,111241,상도(7)
7,2742,202208,247187,111241,장승배기(7)
7,2743,202208,391199,111241,신대방삼거리(7)
7,2744,202208,207275,111241,보라매(7)
7,2745,202208,307555,111231,신풍(7)
7,2746,202208,245685,111231,대림(7)
7,2747,202208,429173,111221,남구로(7)
7,2748,202208,1083488,111281,가산디지털단지(7)
7,2751,202208,289970,111221,천왕(7)
7,2752,202208,248056,111221,온수(7)
8,2811,202208,453107,111274,암사(8)
8,2812,202208,472489,111274,천호(8)
8,2813,202208,282283,111274,강동구청(8)
8,2814,202208,171541,111273,몽촌토성(8)
8,2815,202208,510141,111273,잠실(8)
8,2816,202208,245031,111273,석촌(8)
8,2817,202208,234614,111273,송파(8)
8,2818,202208,226320,111273,가락시장(8)
8,2819,202208,569490,111273,문정(8)
8,2820,202208,448287,111273,장지(8)
8,2821,202208,210960,111273,복정(8)
9,4126,202208,51945,111261,언주(9)
9,4127,202208,46445,111261,선정릉(9)
9,4128,202208,37681,111261,삼성중앙(9)
9,4129,202208,90351,111261,봉은사(9)
9,4130,202208,21035,111273,종합운동장(9)
9,4131,202208,47780,111273,삼전(9)
9,4132,202208,41227,111273,석촌고분(9)
9,4133,202208,50648,111273,석촌(9)
9,4134,202208,43206,111273,송파나루(9)
9,4135,202208,21714,111273,한성백제(9)
9,4136,202208,43495,111273,올림픽공원(9)
9,4137,202208,9659,111274,둔촌오륜(9)
9,4138,202208,57410,111274,중앙보훈병원(9)
